checked,original_name,aligned_name,source,canonicalName,canonicalName_subbed,canonicalName_to_species,family,known,scientificNameAuthorship,subclass,taxonDistribution,taxonomicStatus,taxonRank
TRUE,Acacia baileyana,Acacia baileyana,APC list (accepted),Acacia baileyana,Acacia baileyana,Acacia baileyana,Fabaceae,TRUE,F.Muell.,Magnoliidae,"WA (naturalised), SA (naturalised), Qld (naturalised), NSW (native and naturalised), ACT (naturalised), Vic (naturalised)",accepted,Species
TRUE,Acacia cyclops,Acacia cyclops,APC list (accepted),Acacia cyclops,Acacia cyclops,Acacia cyclops,Fabaceae,TRUE,A.Cunn. ex G.Don,Magnoliidae,"WA, SA (native and naturalised), Vic (naturalised)",accepted,Species
TRUE,Acacia dealbata,Acacia dealbata,APC list (accepted),Acacia dealbata,Acacia dealbata,Acacia dealbata,Fabaceae,TRUE,Link,Magnoliidae,"WA (naturalised), SA (naturalised), NSW, NI (doubtfully naturalised), ACT, Vic, Tas",accepted,Species
TRUE,Acacia decurrens,Acacia decurrens,APC list (accepted),Acacia decurrens,Acacia decurrens,Acacia decurrens,Fabaceae,TRUE,Willd.,Magnoliidae,"WA (naturalised), SA (naturalised), Qld (naturalised), NSW, ACT (naturalised), Vic (naturalised), Tas (naturalised)",accepted,Species
TRUE,Acacia implexa,Acacia implexa,APC list (accepted),Acacia implexa,Acacia implexa,Acacia implexa,Fabaceae,TRUE,Benth.,Magnoliidae,"Qld, NSW, ACT, Vic, Tas",accepted,Species
TRUE,Acacia longifolia,Acacia longifolia,APC list (accepted),Acacia longifolia,Acacia longifolia,Acacia longifolia,Fabaceae,TRUE,(Andrews) Willd.,Magnoliidae,"WA (naturalised), SA (native and naturalised), Qld, NSW, NI (doubtfully naturalised), ACT (formerly naturalised), Vic (native and naturalised), Tas",accepted,Species
TRUE,Acacia mearnsii,Acacia mearnsii,APC list (accepted),Acacia mearnsii,Acacia mearnsii,Acacia mearnsii,Fabaceae,TRUE,De Wild.,Magnoliidae,"WA (naturalised), SA (native and naturalised), NSW (native and naturalised), ACT, Vic, Tas",accepted,Species
TRUE,Acacia melanoxylon,Acacia melanoxylon,APC list (accepted),Acacia melanoxylon,Acacia melanoxylon,Acacia melanoxylon,Fabaceae,TRUE,R.Br.,Magnoliidae,"WA (naturalised), SA, Qld, NSW, ACT, Vic, Tas",accepted,Species
TRUE,Acacia montana,Acacia montana,APC list (accepted),Acacia montana,Acacia montana,Acacia montana,Fabaceae,TRUE,Benth.,Magnoliidae,"SA, Qld, NSW, Vic",accepted,Species
TRUE,Acacia obliquinerva,Acacia obliquinervia,APC list (accepted),Acacia obliquinervia,Acacia obliquinervia,Acacia obliquinervia,Fabaceae,TRUE,Tindale,Magnoliidae,"NSW, ACT, Vic",accepted,Species
TRUE,Acacia pendula,Acacia pendula,APC list (accepted),Acacia pendula,Acacia pendula,Acacia pendula,Fabaceae,TRUE,A.Cunn. ex G.Don,Magnoliidae,"SA, Qld, NSW, Vic (native and naturalised)",accepted,Species
TRUE,Acacia podalyriifolia,Acacia podalyriifolia,APC list (accepted),Acacia podalyriifolia,Acacia podalyriifolia,Acacia podalyriifolia,Fabaceae,TRUE,A.Cunn. ex G.Don,Magnoliidae,"WA (naturalised), SA (naturalised), Qld (native and naturalised), NSW, Vic (doubtfully naturalised)",accepted,Species
TRUE,Acacia pycnantha,Acacia pycnantha,APC list (accepted),Acacia pycnantha,Acacia pycnantha,Acacia pycnantha,Fabaceae,TRUE,Benth.,Magnoliidae,"WA (naturalised), SA, NSW (native and naturalised), ACT, Vic, Tas (naturalised)",accepted,Species
TRUE,Acacia ulicifolia,Acacia ulicifolia,APC list (accepted),Acacia ulicifolia,Acacia ulicifolia,Acacia ulicifolia,Fabaceae,TRUE,(Salisb.) Court,Magnoliidae,"Qld, NSW, ACT, Vic, Tas",accepted,Species
TRUE,Acacia veronica,Acacia veronica,APC list (accepted),Acacia veronica,Acacia veronica,Acacia veronica,Fabaceae,TRUE,Maslin,Magnoliidae,WA,accepted,Species
TRUE,Allocasuarina acutivalvis,Allocasuarina acutivalvis,APC list (accepted),Allocasuarina acutivalvis,Allocasuarina acutivalvis,Allocasuarina acutivalvis,Casuarinaceae,TRUE,(F.Muell.) L.A.S.Johnson,Magnoliidae,WA,accepted,Species
TRUE,Allocasuarina campestris,Allocasuarina campestris,APC list (accepted),Allocasuarina campestris,Allocasuarina campestris,Allocasuarina campestris,Casuarinaceae,TRUE,(Diels) L.A.S.Johnson,Magnoliidae,WA,accepted,Species
TRUE,Allocasuarina diminuta,Allocasuarina diminuta,APC list (accepted),Allocasuarina diminuta,Allocasuarina diminuta,Allocasuarina diminuta,Casuarinaceae,TRUE,L.A.S.Johnson,Magnoliidae,NSW,accepted,Species
TRUE,Allocasuarina distyla,Allocasuarina distyla,APC list (accepted),Allocasuarina distyla,Allocasuarina distyla,Allocasuarina distyla,Casuarinaceae,TRUE,(Vent.) L.A.S.Johnson,Magnoliidae,NSW,accepted,Species
TRUE,Allocasuarina luehmannii,Allocasuarina luehmannii,APC list (accepted),Allocasuarina luehmannii,Allocasuarina luehmannii,Allocasuarina luehmannii,Casuarinaceae,TRUE,(R.T.Baker) L.A.S.Johnson,Magnoliidae,"SA, Qld, NSW, ACT, Vic",accepted,Species
TRUE,Allocasuarina muelleriana,Allocasuarina muelleriana,APC list (accepted),Allocasuarina muelleriana,Allocasuarina muelleriana,Allocasuarina muelleriana,Casuarinaceae,TRUE,(Miq.) L.A.S.Johnson,Magnoliidae,"SA, Vic",accepted,Species
TRUE,Casuarina nana,Casuarina nana,APC list (known names),Allocasuarina nana,Allocasuarina nana,Allocasuarina nana,Casuarinaceae,TRUE,(Sieber ex Spreng.) L.A.S.Johnson,Magnoliidae,"NSW, Vic",accepted,Species
TRUE,Allocasuarina striata,Allocasuarina striata,APC list (accepted),Allocasuarina striata,Allocasuarina striata,Allocasuarina striata,Casuarinaceae,TRUE,(Macklin) L.A.S.Johnson,Magnoliidae,SA,accepted,Species
TRUE,Allocasuarina torulosa,Allocasuarina torulosa,APC list (accepted),Allocasuarina torulosa,Allocasuarina torulosa,Allocasuarina torulosa,Casuarinaceae,TRUE,(Aiton) L.A.S.Johnson,Magnoliidae,"Qld, NSW",accepted,Species
TRUE,Allocasuarina verticillata,Allocasuarina verticillata,APC list (accepted),Allocasuarina verticillata,Allocasuarina verticillata,Allocasuarina verticillata,Casuarinaceae,TRUE,(Lam.) L.A.S.Johnson,Magnoliidae,"SA, NSW, ACT, Vic, Tas",accepted,Species
TRUE,Allocasuarina verticellata,Allocasuarina verticillata,APC list (accepted),Allocasuarina verticillata,Allocasuarina verticillata,Allocasuarina verticillata,Casuarinaceae,TRUE,(Lam.) L.A.S.Johnson,Magnoliidae,"SA, NSW, ACT, Vic, Tas",accepted,Species
TRUE,Alyxia ruscifolia,Alyxia ruscifolia,APC list (accepted),Alyxia ruscifolia,Alyxia ruscifolia,Alyxia ruscifolia,Apocynaceae,TRUE,R.Br.,Magnoliidae,"Qld, NSW, LHI",accepted,Species
TRUE,Amyena,Amyema,APNI names,Amyema,Amyema,Amyema,Loranthaceae,TRUE,Tiegh.,Magnoliidae,"WA, NT, Qld, NSW, ACT, Vic",accepted,Genus
TRUE,Amyema miquelii,Amyema miquelii,APC list (accepted),Amyema miquelii,Amyema miquelii,Amyema miquelii,Loranthaceae,TRUE,(Lehm. ex Miq.) Tiegh.,Magnoliidae,"WA, NT, SA, Qld, NSW, Vic",accepted,Species
TRUE,Amyena miquelii,Amyema miquelii,APC list (accepted),Amyema miquelii,Amyema miquelii,Amyema miquelii,Loranthaceae,TRUE,(Lehm. ex Miq.) Tiegh.,Magnoliidae,"WA, NT, SA, Qld, NSW, Vic",accepted,Species
TRUE,Amyema miraculosa,Amyema miraculosa,APC list (accepted),Amyema miraculosa,Amyema miraculosa,Amyema miraculosa,Loranthaceae,TRUE,(Miq.) Tiegh.,Magnoliidae,"WA, NT, SA, Qld, NSW, Vic",accepted,Species
TRUE,Amyema nestor,Amyema nestor,APC list (accepted),Amyema nestor,Amyema nestor,Amyema nestor,Loranthaceae,TRUE,(S.Moore) Danser,Magnoliidae,WA,accepted,Species
TRUE,Amyema pendula,Amyema pendula,APC list (accepted),Amyema pendula,Amyema pendula,Amyema pendula,Loranthaceae,TRUE,(Sieber ex Spreng.) Tiegh.,Magnoliidae,"SA, Qld, NSW, ACT, Vic",accepted,Species
TRUE,Amyena preissii,Amyema preissii,APC list (accepted),Amyema preissii,Amyema preissii,Amyema preissii,Loranthaceae,TRUE,(Miq.) Tiegh.,Magnoliidae,"WA, NT, SA, Qld, NSW, Vic",accepted,Species
TRUE,Amyema preissii,Amyema preissii,APC list (accepted),Amyema preissii,Amyema preissii,Amyema preissii,Loranthaceae,TRUE,(Miq.) Tiegh.,Magnoliidae,"WA, NT, SA, Qld, NSW, Vic",accepted,Species
TRUE,Amyema preisii,Amyema preisii,APC list (known names),Amyema preissii,Amyema preissii,Amyema preissii,Loranthaceae,TRUE,(Miq.) Tiegh.,Magnoliidae,"WA, NT, SA, Qld, NSW, Vic",accepted,Species
TRUE,Amyema quandang,Amyema quandang,APC list (accepted),Amyema quandang,Amyema quandang,Amyema quandang,Loranthaceae,TRUE,(Lindl.) Tiegh.,Magnoliidae,"WA, NT, SA, Qld, NSW, Vic",accepted,Species
TRUE,Anacardiaceae,Anacardiaceae,APNI names,Anacardiaceae,Anacardiaceae,Anacardiaceae,Anacardiaceae,TRUE,R.Br.,Magnoliidae,"WA (native and naturalised), ChI (native and naturalised), NT (native and naturalised), SA (naturalised), Qld (native and naturalised), NSW (native and naturalised), NI (naturalised), ACT (naturalised), Vic (naturalised)",accepted,Familia
TRUE,Angophora,Angophora,APNI names,Angophora,Angophora,Angophora,Myrtaceae,TRUE,Cav.,Magnoliidae,"Qld, NSW, Vic (native and naturalised)",accepted,Genus
TRUE,Angophora floribunda,Angophora floribunda,APC list (accepted),Angophora floribunda,Angophora floribunda,Angophora floribunda,Myrtaceae,TRUE,(Sm.) Sweet,Magnoliidae,"Qld, NSW, Vic",accepted,Species
TRUE,Angophora woodsiana,Angophora woodsiana,APC list (accepted),Angophora woodsiana,Angophora woodsiana,Angophora woodsiana,Myrtaceae,TRUE,F.M.Bailey,Magnoliidae,"Qld, NSW",accepted,Species
TRUE,Apocynaceae,Apocynaceae,APNI names,Apocynaceae,Apocynaceae,Apocynaceae,Apocynaceae,TRUE,Juss.,Magnoliidae,"WA (native and naturalised), CoI, ChI (native and naturalised), NT (native and naturalised), SA (native and naturalised), Qld (native and naturalised), NSW (native and naturalised), LHI (native and naturalised), NI (native and naturalised), ACT (naturalised), Vic (native and naturalised), Tas (native and naturalised)",accepted,Familia
TRUE,Asteraceae,Asteraceae,APNI names,Asteraceae,Asteraceae,Asteraceae,Asteraceae,TRUE,Bercht. & J.Presl,Magnoliidae,"WA (native and naturalised), CoI (native and naturalised), ChI (native and naturalised), NT (native and naturalised), SA (native and naturalised), Qld (native and naturalised), CSI (naturalised), NSW (native and naturalised), LHI (native and naturalised), NI (naturalised), ACT (native and naturalised), Vic (native and naturalised), Tas (native and naturalised), MI",accepted,Familia
TRUE,Backhousia myrtifolia,Backhousia myrtifolia,APC list (accepted),Backhousia myrtifolia,Backhousia myrtifolia,Backhousia myrtifolia,Myrtaceae,TRUE,Hook. & Harv.,Magnoliidae,"Qld, NSW",accepted,Species
TRUE,Banksia brownii,Banksia brownii,APC list (accepted),Banksia brownii,Banksia brownii,Banksia brownii,Proteaceae,TRUE,Baxter ex R.Br.,Magnoliidae,WA,accepted,Species
TRUE,Baksia brownii,Banksia brownii,APC list (accepted),Banksia brownii,Banksia brownii,Banksia brownii,Proteaceae,TRUE,Baxter ex R.Br.,Magnoliidae,WA,accepted,Species
TRUE,Banksia marginata,Banksia marginata,APC list (accepted),Banksia marginata,Banksia marginata,Banksia marginata,Proteaceae,TRUE,Cav.,Magnoliidae,"SA, NSW, ACT, Vic, Tas",accepted,Species
TRUE,Banksia serrata,Banksia serrata,APC list (accepted),Banksia serrata,Banksia serrata,Banksia serrata,Proteaceae,TRUE,L.f.,Magnoliidae,"Qld, NSW, Vic, Tas",accepted,Species
TRUE,Bombax ceiba,Bombax ceiba,APC list (accepted),Bombax ceiba,Bombax ceiba,Bombax ceiba,Malvaceae,TRUE,L.,Magnoliidae,"WA, NT, Qld",accepted,Species
TRUE,Boronia megastigma,Boronia megastigma,APC list (accepted),Boronia megastigma,Boronia megastigma,Boronia megastigma,Rutaceae,TRUE,Nees ex Bartl.,Magnoliidae,WA,accepted,Species
TRUE,Brachychiton acerifolius,Brachychiton acerifolius,APC list (accepted),Brachychiton acerifolius,Brachychiton acerifolius,Brachychiton acerifolius,Malvaceae,TRUE,(A.Cunn. ex G.Don) F.Muell.,Magnoliidae,"Qld, NSW (native and doubtfully naturalised), LHI (doubtfully naturalised)",accepted,Species
TRUE,Brachychiton populneus,Brachychiton populneus,APC list (accepted),Brachychiton populneus,Brachychiton populneus,Brachychiton populneus,Malvaceae,TRUE,(Schott & Endl.) R.Br.,Magnoliidae,"WA (naturalised), NT (naturalised), SA (naturalised), Qld, NSW, ACT, Vic (native and naturalised)",accepted,Species
TRUE,Brachichiton populneus,Brachychiton populneus,APC list (accepted),Brachychiton populneus,Brachychiton populneus,Brachychiton populneus,Malvaceae,TRUE,(Schott & Endl.) R.Br.,Magnoliidae,"WA (naturalised), NT (naturalised), SA (naturalised), Qld, NSW, ACT, Vic (native and naturalised)",accepted,Species
TRUE,Buchanania obovata,Buchanania obovata,APC list (accepted),Buchanania obovata,Buchanania obovata,Buchanania obovata,Anacardiaceae,TRUE,Engl.,Magnoliidae,"WA, NT, Qld",accepted,Species
TRUE,Calandrinia,Calandrinia,APNI names,Calandrinia,Calandrinia,Calandrinia,Portulacaceae,TRUE,Kunth,Magnoliidae,"WA (native and naturalised), NT, SA, Qld, NSW, Vic, Tas (native and naturalised)",accepted,Genus
TRUE,Callistemon,Callistemon,APNI names,Callistemon,Callistemon,Callistemon,Myrtaceae,TRUE,R.Br.,Magnoliidae,"WA, NT, SA, Qld, NSW, LHI, ACT (native and naturalised), Vic (native and naturalised), Tas",accepted,Genus
TRUE,Callistemon pallidus,Callistemon pallidus,APC list (accepted),Callistemon pallidus,Callistemon pallidus,Callistemon pallidus,Myrtaceae,TRUE,(Bonpl.) DC.,Magnoliidae,"Qld, NSW, ACT, Vic, Tas",accepted,Species
TRUE,Callistemon viminalis,Callistemon viminalis,APC list (accepted),Callistemon viminalis,Callistemon viminalis,Callistemon viminalis,Myrtaceae,TRUE,(Sol. ex Gaertn.) G.Don,Magnoliidae,"WA, SA, Qld, NSW",accepted,Species
TRUE,Calophyllum,Calophyllum,APNI names,Calophyllum,Calophyllum,Calophyllum,Clusiaceae,TRUE,L.,Magnoliidae,"WA, CoI, ChI, NT, Qld, CSI",accepted,Genus
TRUE,Calophyllum inophyllum,Calophyllum inophyllum,APC list (accepted),Calophyllum inophyllum,Calophyllum inophyllum,Calophyllum inophyllum,Clusiaceae,TRUE,L.,Magnoliidae,"CoI, ChI, NT, Qld, CSI",accepted,Species
TRUE,Calophyllum soulattri,Calophyllum soulattri,APC list (accepted),Calophyllum soulattri,Calophyllum soulattri,Calophyllum soulattri,Clusiaceae,TRUE,Burm.f.,Magnoliidae,NT,accepted,Species
TRUE,Calothamnus,Calothamnus,APNI names,Calothamnus,Calothamnus,Calothamnus,Myrtaceae,TRUE,Labill.,Magnoliidae,WA (native and naturalised),accepted,Genus
TRUE,Capparidaceae,Capparidaceae,APNI names,Capparaceae,Capparaceae,Capparaceae,Capparaceae,TRUE,Juss.,Magnoliidae,"WA, NT (native and doubtfully naturalised), SA, Qld, NSW, NI",accepted,Familia
TRUE,Apophyllum anomalum,Apophyllum anomalum,APC list (known names),Capparis anomala,Capparis anomala,Capparis anomala,Capparaceae,TRUE,(F.Muell.) Byng & Christenh.,Magnoliidae,"Qld, NSW",accepted,Species
TRUE,Capparis mitchellii,Capparis mitchellii,APC list (accepted),Capparis mitchellii,Capparis mitchellii,Capparis mitchellii,Capparaceae,TRUE,Lindl.,Magnoliidae,"WA, NT, SA, Qld, NSW",accepted,Species
TRUE,Cassia fistula,Cassia fistula,APC list (accepted),Cassia fistula,Cassia fistula,Cassia fistula,Fabaceae,TRUE,L.,Magnoliidae,"WA (naturalised), NT (naturalised), Qld (naturalised)",accepted,Species
TRUE,Casuarina,Casuarina,APNI names,Casuarina,Casuarina,Casuarina,Casuarinaceae,TRUE,L.,Magnoliidae,"WA (native and naturalised), NT (native and naturalised), SA (native and naturalised), Qld, NSW, NI (naturalised), ACT",accepted,Genus
TRUE,Casuarina cristata,Casuarina cristata,APC list (accepted),Casuarina cristata,Casuarina cristata,Casuarina cristata,Casuarinaceae,TRUE,Miq.,Magnoliidae,"Qld, NSW",accepted,Species
TRUE,Casuarina cunninghamiana,Casuarina cunninghamiana,APC list (accepted),Casuarina cunninghamiana,Casuarina cunninghamiana,Casuarina cunninghamiana,Casuarinaceae,TRUE,Miq.,Magnoliidae,"WA (naturalised), NT, Qld, NSW, ACT",accepted,Species
TRUE,Casuarina equisetifolia,Casuarina equisetifolia,APC list (accepted),Casuarina equisetifolia,Casuarina equisetifolia,Casuarina equisetifolia,Casuarinaceae,TRUE,L.,Magnoliidae,"WA (naturalised), CoI (naturalised), NT, Qld, NSW",accepted,Species
TRUE,Casuarina glauca,Casuarina glauca,APC list (accepted),Casuarina glauca,Casuarina glauca,Casuarina glauca,Casuarinaceae,TRUE,Sieber ex Spreng.,Magnoliidae,"WA (naturalised), NT (naturalised), SA (naturalised), Qld, NSW, NI (naturalised), Vic (naturalised)",accepted,Species
TRUE,Causarina glauca,Casuarina glauca,APC list (accepted),Casuarina glauca,Casuarina glauca,Casuarina glauca,Casuarinaceae,TRUE,Sieber ex Spreng.,Magnoliidae,"WA (naturalised), NT (naturalised), SA (naturalised), Qld, NSW, NI (naturalised), Vic (naturalised)",accepted,Species
TRUE,Casuarina obesa,Casuarina obesa,APC list (accepted),Casuarina obesa,Casuarina obesa,Casuarina obesa,Casuarinaceae,TRUE,Miq.,Magnoliidae,"WA, SA (naturalised), NSW, Vic",accepted,Species
TRUE,Casuarina pauper,Casuarina pauper,APC list (accepted),Casuarina pauper,Casuarina pauper,Casuarina pauper,Casuarinaceae,TRUE,F.Muell. ex L.A.S.Johnson,Magnoliidae,"WA, SA, Qld, NSW, Vic",accepted,Species
TRUE,Causuarina pauper,Casuarina pauper,APC list (accepted),Casuarina pauper,Casuarina pauper,Casuarina pauper,Casuarinaceae,TRUE,F.Muell. ex L.A.S.Johnson,Magnoliidae,"WA, SA, Qld, NSW, Vic",accepted,Species
TRUE,Casuarinaceae,Casuarinaceae,APNI names,Casuarinaceae,Casuarinaceae,Casuarinaceae,Casuarinaceae,TRUE,R.Br.,Magnoliidae,"WA (native and naturalised), CoI (naturalised), NT (native and naturalised), SA (native and naturalised), Qld, NSW, NI (naturalised), ACT, Vic (native and naturalised), Tas",accepted,Familia
TRUE,Ceratopetalum apetalum,Ceratopetalum apetalum,APC list (accepted),Ceratopetalum apetalum,Ceratopetalum apetalum,Ceratopetalum apetalum,Cunoniaceae,TRUE,D.Don,Magnoliidae,"Qld, NSW",accepted,Species
TRUE,Ceratopetalum gummiferum,Ceratopetalum gummiferum,APC list (accepted),Ceratopetalum gummiferum,Ceratopetalum gummiferum,Ceratopetalum gummiferum,Cunoniaceae,TRUE,Sm.,Magnoliidae,NSW,accepted,Species
TRUE,Chamaecytisus prolifer,Chamaecytisus prolifer,APC list (known names),Chamaecytisus palmensis,Chamaecytisus palmensis,Chamaecytisus palmensis,Fabaceae,TRUE,(Christ) F.A.Bisby & K.W.Nicholls,Magnoliidae,"WA (naturalised), SA (naturalised), Qld (doubtfully naturalised), NSW (naturalised), NI (naturalised), ACT (naturalised), Vic (naturalised), Tas (naturalised)",accepted,Species
TRUE,Citrus,Citrus,APNI names,Citrus,Citrus,Citrus,Rutaceae,TRUE,L.,Magnoliidae,"ChI (naturalised), NT, SA, Qld (native and naturalised), NSW (native and naturalised), LHI (naturalised), NI (naturalised)",accepted,Genus
TRUE,Clusiaceae,Clusiaceae,APNI names,Clusiaceae,Clusiaceae,Clusiaceae,Clusiaceae,TRUE,Lindl.,Magnoliidae,"WA, CoI, ChI, NT, Qld (native and naturalised), CSI",accepted,Familia
TRUE,Eucalyptus citriodora,Eucalyptus citriodora,APC list (known names),Corymbia citriodora,Corymbia citriodora,Corymbia citriodora,Myrtaceae,TRUE,(Hook.) K.D.Hill & L.A.S.Johnson,Magnoliidae,"WA (naturalised), SA (doubtfully naturalised), Qld, NSW (native and naturalised), Vic (naturalised)",accepted,Species
TRUE,Eucalyptus dichromophloia,Eucalyptus dichromophloia,APC list (known names),Corymbia dichromophloia,Corymbia dichromophloia,Corymbia dichromophloia,Myrtaceae,TRUE,(F.Muell.) K.D.Hill & L.A.S.Johnson,Magnoliidae,"WA, NT, Qld",accepted,Species
TRUE,Eucalyptus gummifera,Eucalyptus gummifera,APC list (known names),Corymbia gummifera,Corymbia gummifera,Corymbia gummifera,Myrtaceae,TRUE,(Gaertn.) K.D.Hill & L.A.S.Johnson,Magnoliidae,"Qld, NSW, Vic",accepted,Species
TRUE,Eucalyptus maculata,Eucalyptus maculata,APC list (known names),Corymbia maculata,Corymbia maculata,Corymbia maculata,Myrtaceae,TRUE,(Hook.) K.D.Hill & L.A.S.Johnson,Magnoliidae,"WA (naturalised), SA (doubtfully naturalised), NSW, Vic (native and naturalised)",accepted,Species
TRUE,Eucalyptus papuana,Eucalyptus papuana,APC list (known names),Corymbia papuana,Corymbia papuana,Corymbia papuana,Myrtaceae,TRUE,(F.Muell.) K.D.Hill & L.A.S.Johnson,Magnoliidae,Qld,accepted,Species
TRUE,Eucalyptus terminalis,Eucalyptus terminalis,APC list (known names),Corymbia terminalis,Corymbia terminalis,Corymbia terminalis,Myrtaceae,TRUE,(F.Muell.) K.D.Hill & L.A.S.Johnson,Magnoliidae,"NT, SA, Qld, NSW",accepted,Species
TRUE,Eucalyptus pyrophora,Eucalyptus pyrophora,APC list (known names),Corymbia terminalis,Corymbia terminalis,Corymbia terminalis,Myrtaceae,TRUE,(F.Muell.) K.D.Hill & L.A.S.Johnson,Magnoliidae,"NT, SA, Qld, NSW",accepted,Species
TRUE,Eucalyptus tessellaris,Eucalyptus tessellaris,APC list (known names),Corymbia tessellaris,Corymbia tessellaris,Corymbia tessellaris,Myrtaceae,TRUE,(F.Muell.) K.D.Hill & L.A.S.Johnson,Magnoliidae,"Qld, NSW",accepted,Species
TRUE,Eucalyptus Trachyphloia,Eucalyptus trachyphloia,APC list (known names),Corymbia trachyphloia,Corymbia trachyphloia,Corymbia trachyphloia,Myrtaceae,TRUE,(F.Muell.) K.D.Hill & L.A.S.Johnson,Magnoliidae,"Qld, NSW",accepted,Species
TRUE,Eucalyptus trachyphloia,Eucalyptus trachyphloia,APC list (known names),Corymbia trachyphloia,Corymbia trachyphloia,Corymbia trachyphloia,Myrtaceae,TRUE,(F.Muell.) K.D.Hill & L.A.S.Johnson,Magnoliidae,"Qld, NSW",accepted,Species
TRUE,Cunoniaceae,Cunoniaceae,APNI names,Cunoniaceae,Cunoniaceae,Cunoniaceae,Cunoniaceae,TRUE,R.Br.,Magnoliidae,"SA, Qld, NSW, Vic, Tas",accepted,Familia
TRUE,Datura,Datura,APNI names,Datura,Datura,Datura,Solanaceae,TRUE,L.,Magnoliidae,"WA (naturalised), ChI (naturalised), NT (naturalised), SA (naturalised), Qld (naturalised), NSW (naturalised), LHI (naturalised), NI (naturalised), ACT (naturalised), Vic (naturalised), Tas (naturalised)",accepted,Genus
TRUE,Daviesia,Daviesia,APNI names,Daviesia,Daviesia,Daviesia,Fabaceae,TRUE,Sm.,Magnoliidae,"WA, NT, SA, Qld, NSW, ACT, Vic",accepted,Genus
TRUE,Dodonaea viscosa,Dodonaea viscosa,APC list (accepted),Dodonaea viscosa,Dodonaea viscosa,Dodonaea viscosa,Sapindaceae,TRUE,Jacq.,Magnoliidae,"WA, CoI, ChI, NT, SA, Qld, NSW, LHI, NI, ACT, Vic, Tas",accepted,Species
TRUE,Eremophila,Eremophila,APNI names,Eremophila,Eremophila,Eremophila,Scrophulariaceae,TRUE,R.Br.,Magnoliidae,"WA, NT, SA, Qld, NSW, Vic",accepted,Genus
TRUE,Eremophila freelingii,Eremophila freelingii,APC list (accepted),Eremophila freelingii,Eremophila freelingii,Eremophila freelingii,Scrophulariaceae,TRUE,F.Muell.,Magnoliidae,"NT, SA, Qld, NSW",accepted,Species
TRUE,Eremophila interstans subsp. interstans,Eremophila interstans subsp. interstans,APC list (accepted),Eremophila interstans subsp. interstans,Eremophila interstans,Eremophila interstans,Scrophulariaceae,TRUE,(S.Moore) Diels,Magnoliidae,"WA, SA",accepted,Subspecies
TRUE,Eremophila latrobei,Eremophila latrobei,APC list (accepted),Eremophila latrobei,Eremophila latrobei,Eremophila latrobei,Scrophulariaceae,TRUE,F.Muell.,Magnoliidae,"WA, NT, SA, Qld, NSW",accepted,Species
TRUE,Eremophila longifolia,Eremophila longifolia,APC list (accepted),Eremophila longifolia,Eremophila longifolia,Eremophila longifolia,Scrophulariaceae,TRUE,(R.Br.) F.Muell.,Magnoliidae,"WA, NT, SA, Qld, NSW, Vic",accepted,Species
TRUE,Eremophila oppositifolia subsp. angustifolia,Eremophila oppositifolia subsp. angustifolia,APC list (accepted),Eremophila oppositifolia subsp. angustifolia,Eremophila oppositifolia,Eremophila oppositifolia,Scrophulariaceae,TRUE,(S.Moore) Chinnock,Magnoliidae,"WA, SA",accepted,Subspecies
TRUE,Eremophila oppositifolia,Eremophila oppositifolia,APC list (accepted),Eremophila oppositifolia,Eremophila oppositifolia,Eremophila oppositifolia,Scrophulariaceae,TRUE,R.Br.,Magnoliidae,"WA, SA, Qld, NSW, Vic",accepted,Species
TRUE,Eremophila paisleyi,Eremophila paisleyi,APC list (accepted),Eremophila paisleyi,Eremophila paisleyi,Eremophila paisleyi,Scrophulariaceae,TRUE,F.Muell.,Magnoliidae,"WA, NT, SA",accepted,Species
TRUE,Eremophila pantonii,Eremophila pantonii,APC list (accepted),Eremophila pantonii,Eremophila pantonii,Eremophila pantonii,Scrophulariaceae,TRUE,F.Muell.,Magnoliidae,WA,accepted,Species
TRUE,Eremophila scoparia,Eremophila scoparia,APC list (accepted),Eremophila scoparia,Eremophila scoparia,Eremophila scoparia,Scrophulariaceae,TRUE,(R.Br.) F.Muell.,Magnoliidae,"WA, SA, Qld, NSW, Vic",accepted,Species
TRUE,Eremophila serrulata,Eremophila serrulata,APC list (accepted),Eremophila serrulata,Eremophila serrulata,Eremophila serrulata,Scrophulariaceae,TRUE,(A.Cunn. ex A.DC.) Druce,Magnoliidae,"WA, NT, SA, NSW",accepted,Species
TRUE,Eremophila sturtii,Eremophila sturtii,APC list (accepted),Eremophila sturtii,Eremophila sturtii,Eremophila sturtii,Scrophulariaceae,TRUE,R.Br.,Magnoliidae,"WA, NT, SA, Qld, NSW, Vic",accepted,Species
TRUE,Erythrophleum chlorostachys,Erythrophleum chlorostachys,APC list (accepted),Erythrophleum chlorostachys,Erythrophleum chlorostachys,Erythrophleum chlorostachys,Fabaceae,TRUE,(F.Muell.) Baill.,Magnoliidae,"WA, NT, Qld",accepted,Species
TRUE,Conyza viscidula,Conyza viscidula,APC list (known names),Eschenbachia leucantha,Eschenbachia leucantha,Eschenbachia leucantha,Asteraceae,TRUE,(D.Don) Brouillet,Magnoliidae,"Qld, NSW (naturalised)",accepted,Species
TRUE,Eucalyptus,Eucalyptus,APNI names,Eucalyptus,Eucalyptus,Eucalyptus,Myrtaceae,TRUE,L'HÃ©r.,Magnoliidae,"WA (native and naturalised), NT, SA (native and naturalised), Qld, NSW (native and naturalised), NI (naturalised), ACT (native and naturalised), Vic (native and naturalised), Tas",accepted,Genus
TRUE,Eucalyptus acmenoides,Eucalyptus acmenoides,APC list (accepted),Eucalyptus acmenoides,Eucalyptus acmenoides,Eucalyptus acmenoides,Myrtaceae,TRUE,Schauer,Magnoliidae,"Qld, NSW",accepted,Species
TRUE,Eucalyptus agglomerata,Eucalyptus agglomerata,APC list (accepted),Eucalyptus agglomerata,Eucalyptus agglomerata,Eucalyptus agglomerata,Myrtaceae,TRUE,Maiden,Magnoliidae,"NSW, Vic",accepted,Species
TRUE,Eucalyptus alba,Eucalyptus alba,APC list (accepted),Eucalyptus alba,Eucalyptus alba,Eucalyptus alba,Myrtaceae,TRUE,Reinw. ex Blume,Magnoliidae,"WA, NT, Qld",accepted,Species
TRUE,Eucalyptus albens,Eucalyptus albens,APC list (accepted),Eucalyptus albens,Eucalyptus albens,Eucalyptus albens,Myrtaceae,TRUE,Benth.,Magnoliidae,"SA, Qld, NSW, Vic",accepted,Species
TRUE,Eucalyptus amplifolia,Eucalyptus amplifolia,APC list (accepted),Eucalyptus amplifolia,Eucalyptus amplifolia,Eucalyptus amplifolia,Myrtaceae,TRUE,Naudin,Magnoliidae,"Qld, NSW",accepted,Species
TRUE,Eucalyptus amygdalina,Eucalyptus amygdalina,APC list (accepted),Eucalyptus amygdalina,Eucalyptus amygdalina,Eucalyptus amygdalina,Myrtaceae,TRUE,Labill.,Magnoliidae,Tas,accepted,Species
TRUE,Eucalyptus andrewsii,Eucalyptus andrewsii,APC list (accepted),Eucalyptus andrewsii,Eucalyptus andrewsii,Eucalyptus andrewsii,Myrtaceae,TRUE,Maiden,Magnoliidae,"Qld, NSW",accepted,Species
TRUE,Eucalyptus annulata,Eucalyptus annulata,APC list (accepted),Eucalyptus annulata,Eucalyptus annulata,Eucalyptus annulata,Myrtaceae,TRUE,Benth.,Magnoliidae,WA,accepted,Species
TRUE,Eucalyptus argillacea,Eucalyptus argillacea,APC list (accepted),Eucalyptus argillacea,Eucalyptus argillacea,Eucalyptus argillacea,Myrtaceae,TRUE,W.Fitzg.,Magnoliidae,WA,accepted,Species
TRUE,Eucalyptus argophloia,Eucalyptus argophloia,APC list (accepted),Eucalyptus argophloia,Eucalyptus argophloia,Eucalyptus argophloia,Myrtaceae,TRUE,Blakely,Magnoliidae,Qld,accepted,Species
TRUE,Eucalyptus aromaphloia,Eucalyptus aromaphloia,APC list (accepted),Eucalyptus aromaphloia,Eucalyptus aromaphloia,Eucalyptus aromaphloia,Myrtaceae,TRUE,L.D.Pryor & J.H.Willis,Magnoliidae,Vic,accepted,Species
TRUE,Eucalyptus baileyana,Eucalyptus baileyana,APC list (accepted),Eucalyptus baileyana,Eucalyptus baileyana,Eucalyptus baileyana,Myrtaceae,TRUE,F.Muell.,Magnoliidae,"Qld, NSW",accepted,Species
TRUE,Eucalyptus bakeri,Eucalyptus bakeri,APC list (accepted),Eucalyptus bakeri,Eucalyptus bakeri,Eucalyptus bakeri,Myrtaceae,TRUE,Maiden,Magnoliidae,"Qld, NSW",accepted,Species
TRUE,Eucalyptus baxteri,Eucalyptus baxteri,APC list (accepted),Eucalyptus baxteri,Eucalyptus baxteri,Eucalyptus baxteri,Myrtaceae,TRUE,(Benth.) Maiden & Blakely ex J.M.Black,Magnoliidae,"SA, NSW, Vic",accepted,Species
TRUE,Eucalyptus bigalerita,Eucalyptus bigalerita,APC list (accepted),Eucalyptus bigalerita,Eucalyptus bigalerita,Eucalyptus bigalerita,Myrtaceae,TRUE,F.Muell.,Magnoliidae,"WA, NT",accepted,Species
TRUE,Eucalyptus blakelyi,Eucalyptus blakelyi,APC list (accepted),Eucalyptus blakelyi,Eucalyptus blakelyi,Eucalyptus blakelyi,Myrtaceae,TRUE,Maiden,Magnoliidae,"Qld, NSW, ACT, Vic",accepted,Species
TRUE,Eucalyptus bosistoana,Eucalyptus bosistoana,APC list (accepted),Eucalyptus bosistoana,Eucalyptus bosistoana,Eucalyptus bosistoana,Myrtaceae,TRUE,F.Muell.,Magnoliidae,"NSW, Vic",accepted,Species
TRUE,Eucalyptus botryoides,Eucalyptus botryoides,APC list (accepted),Eucalyptus botryoides,Eucalyptus botryoides,Eucalyptus botryoides,Myrtaceae,TRUE,Sm.,Magnoliidae,"WA (naturalised), NSW, NI (naturalised), Vic (native and naturalised)",accepted,Species
TRUE,Eucalyptus brachyandra,Eucalyptus brachyandra,APC list (accepted),Eucalyptus brachyandra,Eucalyptus brachyandra,Eucalyptus brachyandra,Myrtaceae,TRUE,F.Muell.,Magnoliidae,"WA, NT",accepted,Species
TRUE,Eucalyptus brachycalyx,Eucalyptus brachycalyx,APC list (accepted),Eucalyptus brachycalyx,Eucalyptus brachycalyx,Eucalyptus brachycalyx,Myrtaceae,TRUE,Blakely,Magnoliidae,"WA, SA",accepted,Species
TRUE,Eucalyptus brassiana,Eucalyptus brassiana,APC list (accepted),Eucalyptus brassiana,Eucalyptus brassiana,Eucalyptus brassiana,Myrtaceae,TRUE,S.T.Blake,Magnoliidae,Qld,accepted,Species
TRUE,Eucalyptus brevifolia,Eucalyptus brevifolia,APC list (accepted),Eucalyptus brevifolia,Eucalyptus brevifolia,Eucalyptus brevifolia,Myrtaceae,TRUE,F.Muell.,Magnoliidae,"WA, NT",accepted,Species
TRUE,Eucalyptus bridgesiana,Eucalyptus bridgesiana,APC list (accepted),Eucalyptus bridgesiana,Eucalyptus bridgesiana,Eucalyptus bridgesiana,Myrtaceae,TRUE,R.T.Baker,Magnoliidae,"Qld, NSW, ACT, Vic",accepted,Species
TRUE,Eucalyptus burgessiana,Eucalyptus burgessiana,APC list (accepted),Eucalyptus burgessiana,Eucalyptus burgessiana,Eucalyptus burgessiana,Myrtaceae,TRUE,L.A.S.Johnson & Blaxell,Magnoliidae,NSW,accepted,Species
TRUE,Eucalyptus caleyi,Eucalyptus caleyi,APC list (accepted),Eucalyptus caleyi,Eucalyptus caleyi,Eucalyptus caleyi,Myrtaceae,TRUE,Maiden,Magnoliidae,"Qld, NSW",accepted,Species
TRUE,Eucalyptus caliginosa,Eucalyptus caliginosa,APC list (accepted),Eucalyptus caliginosa,Eucalyptus caliginosa,Eucalyptus caliginosa,Myrtaceae,TRUE,Blakely & McKie,Magnoliidae,"Qld, NSW",accepted,Species
TRUE,Eucalyptus calycogona,Eucalyptus calycogona,APC list (accepted),Eucalyptus calycogona,Eucalyptus calycogona,Eucalyptus calycogona,Myrtaceae,TRUE,Turcz.,Magnoliidae,"WA, SA, NSW, Vic",accepted,Species
TRUE,Eucalyptus rostrata,Eucalyptus rostrata,APC list (known names),Eucalyptus camaldulensis subsp. camaldulensis,Eucalyptus camaldulensis,Eucalyptus camaldulensis,Myrtaceae,TRUE,Dehnh.,Magnoliidae,"SA, Qld, NSW, ACT, Vic",accepted,Subspecies
TRUE,Eucalyptus camaldulensis,Eucalyptus camaldulensis,APC list (accepted),Eucalyptus camaldulensis,Eucalyptus camaldulensis,Eucalyptus camaldulensis,Myrtaceae,TRUE,Dehnh.,Magnoliidae,"WA (native and naturalised), NT, SA, Qld, NSW, ACT, Vic",accepted,Species
TRUE,Eucalyptus camadulensis,Eucalyptus camaldulensis,APC list (accepted),Eucalyptus camaldulensis,Eucalyptus camaldulensis,Eucalyptus camaldulensis,Myrtaceae,TRUE,Dehnh.,Magnoliidae,"WA (native and naturalised), NT, SA, Qld, NSW, ACT, Vic",accepted,Species
TRUE,Eucalyptus cambageana,Eucalyptus cambageana,APC list (accepted),Eucalyptus cambageana,Eucalyptus cambageana,Eucalyptus cambageana,Myrtaceae,TRUE,Maiden,Magnoliidae,Qld,accepted,Species
TRUE,Eucalyptus camfieldii,Eucalyptus camfieldii,APC list (accepted),Eucalyptus camfieldii,Eucalyptus camfieldii,Eucalyptus camfieldii,Myrtaceae,TRUE,Maiden,Magnoliidae,NSW,accepted,Species
TRUE,Eucalyptus campaspe,Eucalyptus campaspe,APC list (accepted),Eucalyptus campaspe,Eucalyptus campaspe,Eucalyptus campaspe,Myrtaceae,TRUE,S.Moore,Magnoliidae,WA,accepted,Species
TRUE,Eucalyptus capitellata,Eucalyptus capitellata,APC list (accepted),Eucalyptus capitellata,Eucalyptus capitellata,Eucalyptus capitellata,Myrtaceae,TRUE,Sm.,Magnoliidae,NSW,accepted,Species
TRUE,Eucalyptus cephalocarpa,Eucalyptus cephalocarpa,APC list (accepted),Eucalyptus cephalocarpa,Eucalyptus cephalocarpa,Eucalyptus cephalocarpa,Myrtaceae,TRUE,Blakely,Magnoliidae,"NSW, Vic",accepted,Species
TRUE,Eucalyptus cinerea,Eucalyptus cinerea,APC list (accepted),Eucalyptus cinerea,Eucalyptus cinerea,Eucalyptus cinerea,Myrtaceae,TRUE,F.Muell. ex Benth.,Magnoliidae,"NSW, ACT",accepted,Species
TRUE,Eucalyptus cladocalyx,Eucalyptus cladocalyx,APC list (accepted),Eucalyptus cladocalyx,Eucalyptus cladocalyx,Eucalyptus cladocalyx,Myrtaceae,TRUE,F.Muell.,Magnoliidae,"WA (naturalised), SA, Vic (naturalised)",accepted,Species
TRUE,Eucalyptus cloeziana,Eucalyptus cloeziana,APC list (accepted),Eucalyptus cloeziana,Eucalyptus cloeziana,Eucalyptus cloeziana,Myrtaceae,TRUE,F.Muell.,Magnoliidae,Qld,accepted,Species
TRUE,Eucalyptus cneorifolia,Eucalyptus cneorifolia,APC list (accepted),Eucalyptus cneorifolia,Eucalyptus cneorifolia,Eucalyptus cneorifolia,Myrtaceae,TRUE,DC.,Magnoliidae,SA,accepted,Species
TRUE,Eucalyptus coccifera,Eucalyptus coccifera,APC list (accepted),Eucalyptus coccifera,Eucalyptus coccifera,Eucalyptus coccifera,Myrtaceae,TRUE,Hook.f.,Magnoliidae,Tas,accepted,Species
TRUE,Eucalyptus conglomerata,Eucalyptus conglomerata,APC list (accepted),Eucalyptus conglomerata,Eucalyptus conglomerata,Eucalyptus conglomerata,Myrtaceae,TRUE,Maiden & Blakely,Magnoliidae,Qld,accepted,Species
TRUE,Eucalyptus cornuta,Eucalyptus cornuta,APC list (accepted),Eucalyptus cornuta,Eucalyptus cornuta,Eucalyptus cornuta,Myrtaceae,TRUE,Labill.,Magnoliidae,WA,accepted,Species
TRUE,Eucalyptus cosmophylla,Eucalyptus cosmophylla,APC list (accepted),Eucalyptus cosmophylla,Eucalyptus cosmophylla,Eucalyptus cosmophylla,Myrtaceae,TRUE,F.Muell.,Magnoliidae,SA,accepted,Species
TRUE,Eucalyptus crebra,Eucalyptus crebra,APC list (accepted),Eucalyptus crebra,Eucalyptus crebra,Eucalyptus crebra,Myrtaceae,TRUE,F.Muell.,Magnoliidae,"Qld, NSW",accepted,Species
TRUE,Eucalyptus drepanophylla,Eucalyptus drepanophylla,APC list (known names),Eucalyptus crebra,Eucalyptus crebra,Eucalyptus crebra,Myrtaceae,TRUE,F.Muell.,Magnoliidae,"Qld, NSW",accepted,Species
TRUE,Eucalyptus cunninghamii,Eucalyptus cunninghamii,APC list (accepted),Eucalyptus cunninghamii,Eucalyptus cunninghamii,Eucalyptus cunninghamii,Myrtaceae,TRUE,Sweet,Magnoliidae,NSW,accepted,Species
TRUE,Eucalyptus curtisii,Eucalyptus curtisii,APC list (accepted),Eucalyptus curtisii,Eucalyptus curtisii,Eucalyptus curtisii,Myrtaceae,TRUE,Blakely & C.T.White,Magnoliidae,Qld,accepted,Species
TRUE,Eucalyptus cylindriflora,Eucalyptus cylindriflora,APC list (accepted),Eucalyptus cylindriflora,Eucalyptus cylindriflora,Eucalyptus cylindriflora,Myrtaceae,TRUE,Maiden & Blakely,Magnoliidae,WA,accepted,Species
TRUE,Eucalyptus cypellocarpa,Eucalyptus cypellocarpa,APC list (accepted),Eucalyptus cypellocarpa,Eucalyptus cypellocarpa,Eucalyptus cypellocarpa,Myrtaceae,TRUE,L.A.S.Johnson,Magnoliidae,"NSW, ACT, Vic",accepted,Species
TRUE,Eucalyptus dalrympleana,Eucalyptus dalrympleana,APC list (accepted),Eucalyptus dalrympleana,Eucalyptus dalrympleana,Eucalyptus dalrympleana,Myrtaceae,TRUE,Maiden,Magnoliidae,"SA, Qld, NSW, ACT, Vic, Tas",accepted,Species
TRUE,Eucalyptus dealbata,Eucalyptus dealbata,APC list (accepted),Eucalyptus dealbata,Eucalyptus dealbata,Eucalyptus dealbata,Myrtaceae,TRUE,A.Cunn. ex Schauer,Magnoliidae,"Qld, NSW",accepted,Species
TRUE,Eucalyptus deanei,Eucalyptus deanei,APC list (accepted),Eucalyptus deanei,Eucalyptus deanei,Eucalyptus deanei,Myrtaceae,TRUE,Maiden,Magnoliidae,"Qld, NSW",accepted,Species
TRUE,Eucalyptus decipiens,Eucalyptus decipiens,APC list (accepted),Eucalyptus decipiens,Eucalyptus decipiens,Eucalyptus decipiens,Myrtaceae,TRUE,Endl.,Magnoliidae,WA,accepted,Species
TRUE,Eucalyptus delegatensis,Eucalyptus delegatensis,APC list (accepted),Eucalyptus delegatensis,Eucalyptus delegatensis,Eucalyptus delegatensis,Myrtaceae,TRUE,R.T.Baker,Magnoliidae,"NSW, ACT, Vic, Tas",accepted,Species
TRUE,Eucalyptus diversicolor,Eucalyptus diversicolor,APC list (accepted),Eucalyptus diversicolor,Eucalyptus diversicolor,Eucalyptus diversicolor,Myrtaceae,TRUE,F.Muell.,Magnoliidae,WA,accepted,Species
TRUE,Eucalyptus diversifolia,Eucalyptus diversifolia,APC list (accepted),Eucalyptus diversifolia,Eucalyptus diversifolia,Eucalyptus diversifolia,Myrtaceae,TRUE,Bonpl.,Magnoliidae,"WA, SA, Vic",accepted,Species
TRUE,Eucalyptus dives,Eucalyptus dives,APC list (accepted),Eucalyptus dives,Eucalyptus dives,Eucalyptus dives,Myrtaceae,TRUE,Schauer,Magnoliidae,"NSW, ACT, Vic",accepted,Species
TRUE,Eucalyptus dumosa,Eucalyptus dumosa,APC list (accepted),Eucalyptus dumosa,Eucalyptus dumosa,Eucalyptus dumosa,Myrtaceae,TRUE,A.Cunn. ex J.Oxley,Magnoliidae,"SA, NSW, Vic",accepted,Species
TRUE,Eucalyptus dundasii,Eucalyptus dundasii,APC list (accepted),Eucalyptus dundasii,Eucalyptus dundasii,Eucalyptus dundasii,Myrtaceae,TRUE,Maiden,Magnoliidae,WA,accepted,Species
TRUE,Eucalyptus dunnii,Eucalyptus dunnii,APC list (accepted),Eucalyptus dunnii,Eucalyptus dunnii,Eucalyptus dunnii,Myrtaceae,TRUE,Maiden,Magnoliidae,"Qld, NSW",accepted,Species
TRUE,Eucalyptus dwyeri,Eucalyptus dwyeri,APC list (accepted),Eucalyptus dwyeri,Eucalyptus dwyeri,Eucalyptus dwyeri,Myrtaceae,TRUE,Maiden & Blakely,Magnoliidae,"Qld, NSW",accepted,Species
TRUE,Eucalyptus ebbanoensis,Eucalyptus ebbanoensis,APC list (accepted),Eucalyptus ebbanoensis,Eucalyptus ebbanoensis,Eucalyptus ebbanoensis,Myrtaceae,TRUE,Maiden,Magnoliidae,WA,accepted,Species
TRUE,Eucalyptus elata,Eucalyptus elata,APC list (accepted),Eucalyptus elata,Eucalyptus elata,Eucalyptus elata,Myrtaceae,TRUE,Dehnh.,Magnoliidae,"NSW, Vic",accepted,Species
TRUE,Eucalyptus erythronema,Eucalyptus erythronema,APC list (accepted),Eucalyptus erythronema,Eucalyptus erythronema,Eucalyptus erythronema,Myrtaceae,TRUE,Turcz.,Magnoliidae,WA,accepted,Species
TRUE,Eucalyptus eudesmioides,Eucalyptus eudesmioides,APC list (accepted),Eucalyptus eudesmioides,Eucalyptus eudesmioides,Eucalyptus eudesmioides,Myrtaceae,TRUE,F.Muell.,Magnoliidae,WA,accepted,Species
TRUE,Eucalyptus nigra,Eucalyptus nigra,APC list (known names),Eucalyptus eugenioides,Eucalyptus eugenioides,Eucalyptus eugenioides,Myrtaceae,TRUE,Sieber ex Spreng.,Magnoliidae,"Qld, NSW, Vic",accepted,Species
TRUE,Eucalyptus eugenioides,Eucalyptus eugenioides,APC list (accepted),Eucalyptus eugenioides,Eucalyptus eugenioides,Eucalyptus eugenioides,Myrtaceae,TRUE,Sieber ex Spreng.,Magnoliidae,"Qld, NSW, Vic",accepted,Species
TRUE,Eucalyptus exserta,Eucalyptus exserta,APC list (accepted),Eucalyptus exserta,Eucalyptus exserta,Eucalyptus exserta,Myrtaceae,TRUE,F.Muell.,Magnoliidae,"Qld, NSW",accepted,Species
TRUE,Eucalyptus fasciculosa,Eucalyptus fasciculosa,APC list (accepted),Eucalyptus fasciculosa,Eucalyptus fasciculosa,Eucalyptus fasciculosa,Myrtaceae,TRUE,F.Muell.,Magnoliidae,"SA, Vic",accepted,Species
TRUE,Eucalyptus fibrosa fibrosa,Eucalyptus fibrosa subsp. fibrosa,APC list (accepted),Eucalyptus fibrosa subsp. fibrosa,Eucalyptus fibrosa,Eucalyptus fibrosa,Myrtaceae,TRUE,F.Muell.,Magnoliidae,"Qld, NSW",accepted,Subspecies
TRUE,Eucalyptus fibrosa,Eucalyptus fibrosa,APC list (accepted),Eucalyptus fibrosa,Eucalyptus fibrosa,Eucalyptus fibrosa,Myrtaceae,TRUE,F.Muell.,Magnoliidae,"Qld, NSW, NI (doubtfully naturalised)",accepted,Species
TRUE,Eucalyptus foecunda,Eucalyptus foecunda,APC list (accepted),Eucalyptus foecunda,Eucalyptus foecunda,Eucalyptus foecunda,Myrtaceae,TRUE,Schauer,Magnoliidae,WA,accepted,Species
TRUE,Eucalyptus forrestiana,Eucalyptus forrestiana,APC list (accepted),Eucalyptus forrestiana,Eucalyptus forrestiana,Eucalyptus forrestiana,Myrtaceae,TRUE,Diels,Magnoliidae,WA,accepted,Species
TRUE,Eucalyptus gamophylla,Eucalyptus gamophylla,APC list (accepted),Eucalyptus gamophylla,Eucalyptus gamophylla,Eucalyptus gamophylla,Myrtaceae,TRUE,F.Muell.,Magnoliidae,"WA, NT, SA, Qld",accepted,Species
TRUE,Eucalyptus oblonga,Eucalyptus oblonga,APC list (known names),Eucalyptus globoidea,Eucalyptus globoidea,Eucalyptus globoidea,Myrtaceae,TRUE,Blakely,Magnoliidae,"NSW, Vic",accepted,Species
TRUE,Eucalyptus globoidea,Eucalyptus globoidea,APC list (accepted),Eucalyptus globoidea,Eucalyptus globoidea,Eucalyptus globoidea,Myrtaceae,TRUE,Blakely,Magnoliidae,"NSW, Vic",accepted,Species
TRUE,Eucalyptus globulus,Eucalyptus globulus,APC list (accepted),Eucalyptus globulus,Eucalyptus globulus,Eucalyptus globulus,Myrtaceae,TRUE,Labill.,Magnoliidae,"WA (naturalised), SA, NSW, ACT (naturalised), Vic, Tas",accepted,Species
TRUE,Eucalyptus globulus subsp. bicostata,Eucalyptus globulus subsp. bicostata,APC list (accepted),Eucalyptus globulus subsp. bicostata,Eucalyptus globulus,Eucalyptus globulus,Myrtaceae,TRUE,"(Maiden, Blakely & Simmonds) J.B.Kirkp.",Magnoliidae,"SA, NSW, ACT (naturalised), Vic",accepted,Subspecies
TRUE,Eucalyptus pseudoglobulus,Eucalyptus pseudoglobulus,APC list (known names),Eucalyptus globulus subsp. pseudoglobulus,Eucalyptus globulus,Eucalyptus globulus,Myrtaceae,TRUE,(Naudin) J.B.Kirkp.,Magnoliidae,"NSW, Vic, Tas",accepted,Subspecies
TRUE,Eucalyptus gomphocephala,Eucalyptus gomphocephala,APC list (accepted),Eucalyptus gomphocephala,Eucalyptus gomphocephala,Eucalyptus gomphocephala,Myrtaceae,TRUE,DC.,Magnoliidae,"WA, Vic (doubtfully naturalised)",accepted,Species
TRUE,Eucalyptus gongylocarpa,Eucalyptus gongylocarpa,APC list (accepted),Eucalyptus gongylocarpa,Eucalyptus gongylocarpa,Eucalyptus gongylocarpa,Myrtaceae,TRUE,Blakely,Magnoliidae,"WA, NT, SA",accepted,Species
TRUE,Eucalyptus goniocalyx,Eucalyptus goniocalyx,APC list (accepted),Eucalyptus goniocalyx,Eucalyptus goniocalyx,Eucalyptus goniocalyx,Myrtaceae,TRUE,F.Muell. ex Miq.,Magnoliidae,"SA, NSW, ACT, Vic",accepted,Species
TRUE,Eucalyptus gracilis,Eucalyptus gracilis,APC list (accepted),Eucalyptus gracilis,Eucalyptus gracilis,Eucalyptus gracilis,Myrtaceae,TRUE,F.Muell.,Magnoliidae,"WA, SA, NSW, Vic",accepted,Species
TRUE,Eucalyptus grandis,Eucalyptus grandis,APC list (accepted),Eucalyptus grandis,Eucalyptus grandis,Eucalyptus grandis,Myrtaceae,TRUE,W.Hill,Magnoliidae,"WA (naturalised), Qld, NSW",accepted,Species
TRUE,Eucalyptus griffithsii,Eucalyptus griffithsii,APC list (accepted),Eucalyptus griffithsii,Eucalyptus griffithsii,Eucalyptus griffithsii,Myrtaceae,TRUE,Maiden,Magnoliidae,WA,accepted,Species
TRUE,Eucalyptus haemastoma,Eucalyptus haemastoma,APC list (accepted),Eucalyptus haemastoma,Eucalyptus haemastoma,Eucalyptus haemastoma,Myrtaceae,TRUE,Sm.,Magnoliidae,NSW,accepted,Species
TRUE,Eucalyptus houseana,Eucalyptus houseana,APC list (accepted),Eucalyptus houseana,Eucalyptus houseana,Eucalyptus houseana,Myrtaceae,TRUE,W.Fitzg. ex Maiden,Magnoliidae,WA,accepted,Species
TRUE,Eucalyptus howittiana,Eucalyptus howittiana,APC list (accepted),Eucalyptus howittiana,Eucalyptus howittiana,Eucalyptus howittiana,Myrtaceae,TRUE,F.Muell.,Magnoliidae,Qld,accepted,Species
TRUE,Eucalyptus incrassata,Eucalyptus incrassata,APC list (accepted),Eucalyptus incrassata,Eucalyptus incrassata,Eucalyptus incrassata,Myrtaceae,TRUE,Labill.,Magnoliidae,"WA, SA, NSW, Vic",accepted,Species
TRUE,Eucalyptus intertexta,Eucalyptus intertexta,APC list (accepted),Eucalyptus intertexta,Eucalyptus intertexta,Eucalyptus intertexta,Myrtaceae,TRUE,R.T.Baker,Magnoliidae,"WA, NT, SA, Qld, NSW",accepted,Species
TRUE,Eucalyptus Intertexta,Eucalyptus intertexta,APC list (accepted),Eucalyptus intertexta,Eucalyptus intertexta,Eucalyptus intertexta,Myrtaceae,TRUE,R.T.Baker,Magnoliidae,"WA, NT, SA, Qld, NSW",accepted,Species
TRUE,Eucalyptus jacksonii,Eucalyptus jacksonii,APC list (accepted),Eucalyptus jacksonii,Eucalyptus jacksonii,Eucalyptus jacksonii,Myrtaceae,TRUE,Maiden,Magnoliidae,WA,accepted,Species
TRUE,Eucalyptus jensenii,Eucalyptus jensenii,APC list (accepted),Eucalyptus jensenii,Eucalyptus jensenii,Eucalyptus jensenii,Myrtaceae,TRUE,Maiden,Magnoliidae,"WA, NT",accepted,Species
TRUE,Eucalyptus jutsonii,Eucalyptus jutsonii,APC list (accepted),Eucalyptus jutsonii,Eucalyptus jutsonii,Eucalyptus jutsonii,Myrtaceae,TRUE,Maiden,Magnoliidae,WA,accepted,Species
TRUE,Eucalyptus kitsoniana,Eucalyptus kitsoniana,APC list (accepted),Eucalyptus kitsoniana,Eucalyptus kitsoniana,Eucalyptus kitsoniana,Myrtaceae,TRUE,Maiden,Magnoliidae,Vic,accepted,Species
TRUE,Eucalyptus largiflorens,Eucalyptus largiflorens,APC list (accepted),Eucalyptus largiflorens,Eucalyptus largiflorens,Eucalyptus largiflorens,Myrtaceae,TRUE,F.Muell.,Magnoliidae,"SA, Qld, NSW, Vic",accepted,Species
TRUE,Eucalyptus lehmannii,Eucalyptus lehmannii,APC list (accepted),Eucalyptus lehmannii,Eucalyptus lehmannii,Eucalyptus lehmannii,Myrtaceae,TRUE,(Schauer) Benth.,Magnoliidae,WA,accepted,Species
TRUE,Eucalyptus leptocalyx,Eucalyptus leptocalyx,APC list (accepted),Eucalyptus leptocalyx,Eucalyptus leptocalyx,Eucalyptus leptocalyx,Myrtaceae,TRUE,Blakely,Magnoliidae,WA,accepted,Species
TRUE,Eucalyptus leptophleba,Eucalyptus leptophleba,APC list (accepted),Eucalyptus leptophleba,Eucalyptus leptophleba,Eucalyptus leptophleba,Myrtaceae,TRUE,F.Muell.,Magnoliidae,Qld,accepted,Species
TRUE,Eucalyptus leptopoda,Eucalyptus leptopoda,APC list (accepted),Eucalyptus leptopoda,Eucalyptus leptopoda,Eucalyptus leptopoda,Myrtaceae,TRUE,Benth.,Magnoliidae,"WA, SA",accepted,Species
TRUE,Eucalyptus lesouefii,Eucalyptus lesouefii,APC list (accepted),Eucalyptus lesouefii,Eucalyptus lesouefii,Eucalyptus lesouefii,Myrtaceae,TRUE,Maiden,Magnoliidae,WA,accepted,Species
TRUE,Eucalyptus lesouefi,Eucalyptus lesouefii,APC list (accepted),Eucalyptus lesouefii,Eucalyptus lesouefii,Eucalyptus lesouefii,Myrtaceae,TRUE,Maiden,Magnoliidae,WA,accepted,Species
TRUE,Eucalyptus leucoxylon,Eucalyptus leucoxylon,APC list (accepted),Eucalyptus leucoxylon,Eucalyptus leucoxylon,Eucalyptus leucoxylon,Myrtaceae,TRUE,F.Muell.,Magnoliidae,"SA, NSW, Vic (native and doubtfully naturalised)",accepted,Species
TRUE,Eucalyptus longifolia,Eucalyptus longifolia,APC list (accepted),Eucalyptus longifolia,Eucalyptus longifolia,Eucalyptus longifolia,Myrtaceae,TRUE,Link,Magnoliidae,NSW,accepted,Species
TRUE,Eucalyptus loxophleba,Eucalyptus loxophleba,APC list (accepted),Eucalyptus loxophleba,Eucalyptus loxophleba,Eucalyptus loxophleba,Myrtaceae,TRUE,Benth.,Magnoliidae,WA,accepted,Species
TRUE,Eucalyptus luehmanniana,Eucalyptus luehmanniana,APC list (accepted),Eucalyptus luehmanniana,Eucalyptus luehmanniana,Eucalyptus luehmanniana,Myrtaceae,TRUE,F.Muell.,Magnoliidae,NSW,accepted,Species
TRUE,Eucalyptus macarthuri,Eucalyptus macarthuri,APC list (known names),Eucalyptus macarthurii,Eucalyptus macarthurii,Eucalyptus macarthurii,Myrtaceae,TRUE,H.Deane & Maiden,Magnoliidae,"NSW, Vic (naturalised)",accepted,Species
TRUE,Eucalyptus macrandra,Eucalyptus macrandra,APC list (accepted),Eucalyptus macrandra,Eucalyptus macrandra,Eucalyptus macrandra,Myrtaceae,TRUE,F.Muell. ex Benth.,Magnoliidae,WA,accepted,Species
TRUE,Eucalyptus macrorhyncha,Eucalyptus macrorhyncha,APC list (accepted),Eucalyptus macrorhyncha,Eucalyptus macrorhyncha,Eucalyptus macrorhyncha,Myrtaceae,TRUE,F.Muell. ex Benth.,Magnoliidae,"SA, NSW, ACT, Vic",accepted,Species
TRUE,Eucalyptus major,Eucalyptus major,APC list (accepted),Eucalyptus major,Eucalyptus major,Eucalyptus major,Myrtaceae,TRUE,(Maiden) Blakely,Magnoliidae,"Qld, NSW",accepted,Species
TRUE,Eucalyptus mannifera maculosa,Eucalyptus mannifera subsp. maculosa,APC list (known names),Eucalyptus mannifera subsp. mannifera,Eucalyptus mannifera,Eucalyptus mannifera,Myrtaceae,TRUE,Mudie,Magnoliidae,"NSW, ACT, Vic",accepted,Subspecies
TRUE,Eucalyptus marginata,Eucalyptus marginata,APC list (accepted),Eucalyptus marginata,Eucalyptus marginata,Eucalyptus marginata,Myrtaceae,TRUE,Donn ex Sm.,Magnoliidae,WA,accepted,Species
TRUE,Eucalyptus melanophloia,Eucalyptus melanophloia,APC list (accepted),Eucalyptus melanophloia,Eucalyptus melanophloia,Eucalyptus melanophloia,Myrtaceae,TRUE,F.Muell.,Magnoliidae,"NT, Qld, NSW",accepted,Species
TRUE,Eucalyptus melliodora,Eucalyptus melliodora,APC list (accepted),Eucalyptus melliodora,Eucalyptus melliodora,Eucalyptus melliodora,Myrtaceae,TRUE,A.Cunn. ex Schauer,Magnoliidae,"Qld, NSW, ACT, Vic",accepted,Species
TRUE,Eucalyptus microcarpa,Eucalyptus microcarpa,APC list (accepted),Eucalyptus microcarpa,Eucalyptus microcarpa,Eucalyptus microcarpa,Myrtaceae,TRUE,(Maiden) Maiden,Magnoliidae,"SA, Qld, NSW, Vic",accepted,Species
TRUE,Eucalyptus microcorys,Eucalyptus microcorys,APC list (accepted),Eucalyptus microcorys,Eucalyptus microcorys,Eucalyptus microcorys,Myrtaceae,TRUE,F.Muell.,Magnoliidae,"WA (naturalised), Qld, NSW",accepted,Species
TRUE,Eucalyptus microneura,Eucalyptus microneura,APC list (accepted),Eucalyptus microneura,Eucalyptus microneura,Eucalyptus microneura,Myrtaceae,TRUE,Maiden & Blakely,Magnoliidae,Qld,accepted,Species
TRUE,Eucalyptus microtheca,Eucalyptus microtheca,APC list (accepted),Eucalyptus microtheca,Eucalyptus microtheca,Eucalyptus microtheca,Myrtaceae,TRUE,F.Muell.,Magnoliidae,"WA, NT, Qld",accepted,Species
TRUE,Eucalyptus miniata,Eucalyptus miniata,APC list (accepted),Eucalyptus miniata,Eucalyptus miniata,Eucalyptus miniata,Myrtaceae,TRUE,A.Cunn. ex Schauer,Magnoliidae,"WA, NT, Qld",accepted,Species
TRUE,Eucalyptus moluccana,Eucalyptus moluccana,APC list (accepted),Eucalyptus moluccana,Eucalyptus moluccana,Eucalyptus moluccana,Myrtaceae,TRUE,Roxb.,Magnoliidae,"Qld, NSW",accepted,Species
TRUE,Eucalyptus muelleriana,Eucalyptus muelleriana,APC list (accepted),Eucalyptus muelleriana,Eucalyptus muelleriana,Eucalyptus muelleriana,Myrtaceae,TRUE,A.W.Howitt,Magnoliidae,"NSW, Vic",accepted,Species
TRUE,Eucalyptus nitens,Eucalyptus nitens,APC list (accepted),Eucalyptus nitens,Eucalyptus nitens,Eucalyptus nitens,Myrtaceae,TRUE,(H.Deane & Maiden) Maiden,Magnoliidae,"NSW, Vic",accepted,Species
TRUE,Eucalyptus nitida,Eucalyptus nitida,APC list (accepted),Eucalyptus nitida,Eucalyptus nitida,Eucalyptus nitida,Myrtaceae,TRUE,Hook.f.,Magnoliidae,Tas,accepted,Species
TRUE,Eucalyptus simmondsii,Eucalyptus simmondsii,APC list (known names),Eucalyptus nitida,Eucalyptus nitida,Eucalyptus nitida,Myrtaceae,TRUE,Hook.f.,Magnoliidae,Tas,accepted,Species
TRUE,Eucalyptus normantonensis,Eucalyptus normantonensis,APC list (accepted),Eucalyptus normantonensis,Eucalyptus normantonensis,Eucalyptus normantonensis,Myrtaceae,TRUE,Maiden & Cambage,Magnoliidae,"WA, NT, Qld",accepted,Species
TRUE,Eucalyptus obliqua,Eucalyptus obliqua,APC list (accepted),Eucalyptus obliqua,Eucalyptus obliqua,Eucalyptus obliqua,Myrtaceae,TRUE,L'HÃ©r.,Magnoliidae,"SA, Qld, NSW, Vic, Tas",accepted,Species
TRUE,"Eucalyptus obliqua,",Eucalyptus obliqua,APC list (accepted),Eucalyptus obliqua,Eucalyptus obliqua,Eucalyptus obliqua,Myrtaceae,TRUE,L'HÃ©r.,Magnoliidae,"SA, Qld, NSW, Vic, Tas",accepted,Species
TRUE,Eucalyptus dongarraensis,Eucalyptus dongarraensis,APC list (known names),Eucalyptus obtusiflora subsp. dongarraensis,Eucalyptus obtusiflora,Eucalyptus obtusiflora,Myrtaceae,TRUE,(Maiden & Blakely) L.A.S.Johnson & K.D.Hill,Magnoliidae,WA,accepted,Subspecies
TRUE,Eucalyptus occidentalis,Eucalyptus occidentalis,APC list (accepted),Eucalyptus occidentalis,Eucalyptus occidentalis,Eucalyptus occidentalis,Myrtaceae,TRUE,Endl.,Magnoliidae,"WA, Vic (naturalised)",accepted,Species
TRUE,Eucalyptus ochrophloia,Eucalyptus ochrophloia,APC list (accepted),Eucalyptus ochrophloia,Eucalyptus ochrophloia,Eucalyptus ochrophloia,Myrtaceae,TRUE,F.Muell.,Magnoliidae,"Qld, NSW",accepted,Species
TRUE,Eucalyptus odontocarpa,Eucalyptus odontocarpa,APC list (accepted),Eucalyptus odontocarpa,Eucalyptus odontocarpa,Eucalyptus odontocarpa,Myrtaceae,TRUE,F.Muell.,Magnoliidae,"WA, NT, Qld",accepted,Species
TRUE,Eucalyptus odorata,Eucalyptus odorata,APC list (accepted),Eucalyptus odorata,Eucalyptus odorata,Eucalyptus odorata,Myrtaceae,TRUE,Behr,Magnoliidae,SA,accepted,Species
TRUE,Eucalyptus oleosa,Eucalyptus oleosa,APC list (accepted),Eucalyptus oleosa,Eucalyptus oleosa,Eucalyptus oleosa,Myrtaceae,TRUE,F.Muell. ex Miq.,Magnoliidae,"WA, SA, NSW, Vic",accepted,Species
TRUE,Eucalyptus oligantha,Eucalyptus oligantha,APC list (accepted),Eucalyptus oligantha,Eucalyptus oligantha,Eucalyptus oligantha,Myrtaceae,TRUE,Schauer,Magnoliidae,"WA, NT",accepted,Species
TRUE,Eucalyptus orgadophila,Eucalyptus orgadophila,APC list (accepted),Eucalyptus orgadophila,Eucalyptus orgadophila,Eucalyptus orgadophila,Myrtaceae,TRUE,Maiden & Blakely,Magnoliidae,Qld,accepted,Species
TRUE,Eucalyptus ovata,Eucalyptus ovata,APC list (accepted),Eucalyptus ovata,Eucalyptus ovata,Eucalyptus ovata,Myrtaceae,TRUE,Labill.,Magnoliidae,"SA, NSW, Vic, Tas",accepted,Species
TRUE,Eucalyptus pachyphylla,Eucalyptus pachyphylla,APC list (accepted),Eucalyptus pachyphylla,Eucalyptus pachyphylla,Eucalyptus pachyphylla,Myrtaceae,TRUE,F.Muell.,Magnoliidae,"WA, NT, Qld",accepted,Species
TRUE,Eucalyptus panda,Eucalyptus panda,APC list (accepted),Eucalyptus panda,Eucalyptus panda,Eucalyptus panda,Myrtaceae,TRUE,S.T.Blake,Magnoliidae,"Qld, NSW",accepted,Species
TRUE,Eucalyptus paniculata,Eucalyptus paniculata,APC list (accepted),Eucalyptus paniculata,Eucalyptus paniculata,Eucalyptus paniculata,Myrtaceae,TRUE,Sm.,Magnoliidae,NSW,accepted,Species
TRUE,Eucalyptus pauciflora,Eucalyptus pauciflora,APC list (accepted),Eucalyptus pauciflora,Eucalyptus pauciflora,Eucalyptus pauciflora,Myrtaceae,TRUE,Sieber ex Spreng.,Magnoliidae,"SA, Qld, NSW, ACT, Vic, Tas",accepted,Species
TRUE,Eucalyptus pauciflora subsp. Niphophila,Eucalyptus pauciflora subsp. niphophila,APC list (accepted),Eucalyptus pauciflora subsp. niphophila,Eucalyptus pauciflora,Eucalyptus pauciflora,Myrtaceae,TRUE,(Maiden & Blakely) L.A.S.Johnson & Blaxell,Magnoliidae,"NSW, ACT, Vic",accepted,Subspecies
TRUE,Eucalyptus phoenicea,Eucalyptus phoenicea,APC list (accepted),Eucalyptus phoenicea,Eucalyptus phoenicea,Eucalyptus phoenicea,Myrtaceae,TRUE,F.Muell.,Magnoliidae,"WA, NT, Qld",accepted,Species
TRUE,Eucalyptus pilularis,Eucalyptus pilularis,APC list (accepted),Eucalyptus pilularis,Eucalyptus pilularis,Eucalyptus pilularis,Myrtaceae,TRUE,Sm.,Magnoliidae,"Qld, NSW",accepted,Species
TRUE,Eucalyptus piperita,Eucalyptus piperita,APC list (accepted),Eucalyptus piperita,Eucalyptus piperita,Eucalyptus piperita,Myrtaceae,TRUE,J.White,Magnoliidae,NSW,accepted,Species
TRUE,Eucalyptus planchoniana,Eucalyptus planchoniana,APC list (accepted),Eucalyptus planchoniana,Eucalyptus planchoniana,Eucalyptus planchoniana,Myrtaceae,TRUE,F.Muell.,Magnoliidae,"Qld, NSW",accepted,Species
TRUE,Eucalyptus platypus,Eucalyptus platypus,APC list (accepted),Eucalyptus platypus,Eucalyptus platypus,Eucalyptus platypus,Myrtaceae,TRUE,Hook.,Magnoliidae,WA,accepted,Species
TRUE,Eucalyptus polyanthemos,Eucalyptus polyanthemos,APC list (accepted),Eucalyptus polyanthemos,Eucalyptus polyanthemos,Eucalyptus polyanthemos,Myrtaceae,TRUE,Schauer,Magnoliidae,"NSW, ACT, Vic",accepted,Species
TRUE,Eucalyptus populnea,Eucalyptus populnea,APC list (accepted),Eucalyptus populnea,Eucalyptus populnea,Eucalyptus populnea,Myrtaceae,TRUE,F.Muell.,Magnoliidae,"Qld, NSW",accepted,Species
TRUE,Eucalyptus porosa,Eucalyptus porosa,APC list (accepted),Eucalyptus porosa,Eucalyptus porosa,Eucalyptus porosa,Myrtaceae,TRUE,F.Muell. ex Miq.,Magnoliidae,"SA, NSW, Vic",accepted,Species
TRUE,Eucalyptus calcicultrix,Eucalyptus calcicultrix,APC list (known names),Eucalyptus porosa,Eucalyptus porosa,Eucalyptus porosa,Myrtaceae,TRUE,F.Muell. ex Miq.,Magnoliidae,"SA, NSW, Vic",accepted,Species
TRUE,Eucalyptus propinqua,Eucalyptus propinqua,APC list (accepted),Eucalyptus propinqua,Eucalyptus propinqua,Eucalyptus propinqua,Myrtaceae,TRUE,H.Deane & Maiden,Magnoliidae,"Qld, NSW",accepted,Species
TRUE,Eucalyptus pulchella,Eucalyptus pulchella,APC list (accepted),Eucalyptus pulchella,Eucalyptus pulchella,Eucalyptus pulchella,Myrtaceae,TRUE,Desf.,Magnoliidae,Tas,accepted,Species
TRUE,Eucalyptus pulverulenta,Eucalyptus pulverulenta,APC list (accepted),Eucalyptus pulverulenta,Eucalyptus pulverulenta,Eucalyptus pulverulenta,Myrtaceae,TRUE,Sims,Magnoliidae,NSW,accepted,Species
TRUE,Eucalyptus punctata,Eucalyptus punctata,APC list (accepted),Eucalyptus punctata,Eucalyptus punctata,Eucalyptus punctata,Myrtaceae,TRUE,DC.,Magnoliidae,"Qld, NSW",accepted,Species
TRUE,Eucalyptus robertsonii,Eucalyptus robertsonii,APC list (known names),Eucalyptus radiata subsp. robertsonii,Eucalyptus radiata,Eucalyptus radiata,Myrtaceae,TRUE,(Blakely) L.A.S.Johnson & Blaxell,Magnoliidae,"NSW, ACT, Vic, Tas",accepted,Subspecies
TRUE,Eucalyptus radiata,Eucalyptus radiata,APC list (accepted),Eucalyptus radiata,Eucalyptus radiata,Eucalyptus radiata,Myrtaceae,TRUE,Sieber ex DC.,Magnoliidae,"Qld, NSW, ACT, Vic, Tas",accepted,Species
TRUE,Eucalyptus radiata subsp. Robertsonii,Eucalyptus radiata subsp. robertsonii,APC list (accepted),Eucalyptus radiata subsp. robertsonii,Eucalyptus radiata,Eucalyptus radiata,Myrtaceae,TRUE,(Blakely) L.A.S.Johnson & Blaxell,Magnoliidae,"NSW, ACT, Vic, Tas",accepted,Subspecies
TRUE,Eucalyptus raveretiana,Eucalyptus raveretiana,APC list (accepted),Eucalyptus raveretiana,Eucalyptus raveretiana,Eucalyptus raveretiana,Myrtaceae,TRUE,F.Muell.,Magnoliidae,Qld,accepted,Species
TRUE,Eucalyptus redunca,Eucalyptus redunca,APC list (accepted),Eucalyptus redunca,Eucalyptus redunca,Eucalyptus redunca,Myrtaceae,TRUE,Schauer,Magnoliidae,WA,accepted,Species
TRUE,Eucalyptus regnans,Eucalyptus regnans,APC list (accepted),Eucalyptus regnans,Eucalyptus regnans,Eucalyptus regnans,Myrtaceae,TRUE,F.Muell.,Magnoliidae,"Vic, Tas",accepted,Species
TRUE,Eucalyptus resinifera,Eucalyptus resinifera,APC list (accepted),Eucalyptus resinifera,Eucalyptus resinifera,Eucalyptus resinifera,Myrtaceae,TRUE,J.White,Magnoliidae,"WA (naturalised), Qld, NSW",accepted,Species
TRUE,Eucalyptus robusta,Eucalyptus robusta,APC list (accepted),Eucalyptus robusta,Eucalyptus robusta,Eucalyptus robusta,Myrtaceae,TRUE,Sm.,Magnoliidae,"Qld, NSW",accepted,Species
TRUE,Eucalyptus rodwayi,Eucalyptus rodwayi,APC list (accepted),Eucalyptus rodwayi,Eucalyptus rodwayi,Eucalyptus rodwayi,Myrtaceae,TRUE,R.T.Baker & H.G.Sm.,Magnoliidae,Tas,accepted,Species
TRUE,Eucalyptus rossii,Eucalyptus rossii,APC list (accepted),Eucalyptus rossii,Eucalyptus rossii,Eucalyptus rossii,Myrtaceae,TRUE,R.T.Baker & H.G.Sm.,Magnoliidae,"NSW, ACT",accepted,Species
TRUE,Eucalyptus roycei,Eucalyptus roycei,APC list (accepted),Eucalyptus roycei,Eucalyptus roycei,Eucalyptus roycei,Myrtaceae,TRUE,"S.G.M.Carr, D.J.Carr & A.S.George",Magnoliidae,WA,accepted,Species
TRUE,Eucalyptus rubida,Eucalyptus rubida,APC list (accepted),Eucalyptus rubida,Eucalyptus rubida,Eucalyptus rubida,Myrtaceae,TRUE,H.Deane & Maiden,Magnoliidae,"NSW, ACT, Vic, Tas",accepted,Species
TRUE,Eucalyptus rudis,Eucalyptus rudis,APC list (accepted),Eucalyptus rudis,Eucalyptus rudis,Eucalyptus rudis,Myrtaceae,TRUE,Endl.,Magnoliidae,WA,accepted,Species
TRUE,Eucalyptus saligna,Eucalyptus saligna,APC list (accepted),Eucalyptus saligna,Eucalyptus saligna,Eucalyptus saligna,Myrtaceae,TRUE,Sm.,Magnoliidae,"WA (naturalised), Qld, NSW, Vic (doubtfully naturalised)",accepted,Species
TRUE,Eucalyptus salmonophloia,Eucalyptus salmonophloia,APC list (accepted),Eucalyptus salmonophloia,Eucalyptus salmonophloia,Eucalyptus salmonophloia,Myrtaceae,TRUE,F.Muell.,Magnoliidae,WA,accepted,Species
TRUE,Eucalyptus salubris,Eucalyptus salubris,APC list (accepted),Eucalyptus salubris,Eucalyptus salubris,Eucalyptus salubris,Myrtaceae,TRUE,F.Muell.,Magnoliidae,WA,accepted,Species
TRUE,Eucalyptus seeana,Eucalyptus seeana,APC list (accepted),Eucalyptus seeana,Eucalyptus seeana,Eucalyptus seeana,Myrtaceae,TRUE,Maiden,Magnoliidae,"Qld, NSW",accepted,Species
TRUE,Eucalyptus siderophloia,Eucalyptus siderophloia,APC list (accepted),Eucalyptus siderophloia,Eucalyptus siderophloia,Eucalyptus siderophloia,Myrtaceae,TRUE,Benth.,Magnoliidae,"Qld, NSW",accepted,Species
TRUE,Eucalyptus sideroxylon,Eucalyptus sideroxylon,APC list (accepted),Eucalyptus sideroxylon,Eucalyptus sideroxylon,Eucalyptus sideroxylon,Myrtaceae,TRUE,A.Cunn. ex Woolls,Magnoliidae,"SA (doubtfully naturalised), Qld, NSW, Vic",accepted,Species
TRUE,Eucalyptus sieberi,Eucalyptus sieberi,APC list (accepted),Eucalyptus sieberi,Eucalyptus sieberi,Eucalyptus sieberi,Myrtaceae,TRUE,L.A.S.Johnson,Magnoliidae,"NSW, ACT, Vic, Tas",accepted,Species
TRUE,Eucalyptus similis,Eucalyptus similis,APC list (accepted),Eucalyptus similis,Eucalyptus similis,Eucalyptus similis,Myrtaceae,TRUE,Maiden,Magnoliidae,Qld,accepted,Species
TRUE,Eucalyptus socialis,Eucalyptus socialis,APC list (accepted),Eucalyptus socialis,Eucalyptus socialis,Eucalyptus socialis,Myrtaceae,TRUE,F.Muell. ex Miq.,Magnoliidae,"WA, NT, SA, Qld, NSW, Vic",accepted,Species
TRUE,Eucalyptus sphaerocarpa,Eucalyptus sphaerocarpa,APC list (accepted),Eucalyptus sphaerocarpa,Eucalyptus sphaerocarpa,Eucalyptus sphaerocarpa,Myrtaceae,TRUE,L.A.S.Johnson & Blaxell,Magnoliidae,Qld,accepted,Species
TRUE,Eucalyptus sporadica,Eucalyptus sporadica,APC list (accepted),Eucalyptus sporadica,Eucalyptus sporadica,Eucalyptus sporadica,Myrtaceae,TRUE,Brooker & Hopper,Magnoliidae,WA,accepted,Species
TRUE,Eucalyptus squamosa,Eucalyptus squamosa,APC list (accepted),Eucalyptus squamosa,Eucalyptus squamosa,Eucalyptus squamosa,Myrtaceae,TRUE,H.Deane & Maiden,Magnoliidae,NSW,accepted,Species
TRUE,Eucalyptus stellulata,Eucalyptus stellulata,APC list (accepted),Eucalyptus stellulata,Eucalyptus stellulata,Eucalyptus stellulata,Myrtaceae,TRUE,Sieber ex DC.,Magnoliidae,"NSW, ACT, Vic",accepted,Species
TRUE,Eucalyptus striaticalyx,Eucalyptus striaticalyx,APC list (accepted),Eucalyptus striaticalyx,Eucalyptus striaticalyx,Eucalyptus striaticalyx,Myrtaceae,TRUE,W.Fitzg.,Magnoliidae,WA,accepted,Species
TRUE,Eucalyptus stricta,Eucalyptus stricta,APC list (accepted),Eucalyptus stricta,Eucalyptus stricta,Eucalyptus stricta,Myrtaceae,TRUE,Sieber ex Spreng.,Magnoliidae,NSW,accepted,Species
TRUE,Eucalyptus tectifera,Eucalyptus tectifica,APC list (accepted),Eucalyptus tectifica,Eucalyptus tectifica,Eucalyptus tectifica,Myrtaceae,TRUE,F.Muell.,Magnoliidae,"WA, NT, Qld",accepted,Species
TRUE,Eucalyptus tectifica,Eucalyptus tectifica,APC list (accepted),Eucalyptus tectifica,Eucalyptus tectifica,Eucalyptus tectifica,Myrtaceae,TRUE,F.Muell.,Magnoliidae,"WA, NT, Qld",accepted,Species
TRUE,Eucalyptus tenuipes,Eucalyptus tenuipes,APC list (accepted),Eucalyptus tenuipes,Eucalyptus tenuipes,Eucalyptus tenuipes,Myrtaceae,TRUE,(Maiden & Blakely) Blakely & C.T.White,Magnoliidae,Qld,accepted,Species
TRUE,Eucalyptus tenuiramis,Eucalyptus tenuiramis,APC list (accepted),Eucalyptus tenuiramis,Eucalyptus tenuiramis,Eucalyptus tenuiramis,Myrtaceae,TRUE,Miq.,Magnoliidae,Tas,accepted,Species
TRUE,Eucalyptus tereticornis,Eucalyptus tereticornis,APC list (accepted),Eucalyptus tereticornis,Eucalyptus tereticornis,Eucalyptus tereticornis,Myrtaceae,TRUE,Sm.,Magnoliidae,"Qld, NSW, Vic",accepted,Species
TRUE,Eucalyptus tetraptera,Eucalyptus tetraptera,APC list (accepted),Eucalyptus tetraptera,Eucalyptus tetraptera,Eucalyptus tetraptera,Myrtaceae,TRUE,Turcz.,Magnoliidae,WA,accepted,Species
TRUE,Eucalyptus tetrodonta,Eucalyptus tetrodonta,APC list (accepted),Eucalyptus tetrodonta,Eucalyptus tetrodonta,Eucalyptus tetrodonta,Myrtaceae,TRUE,F.Muell.,Magnoliidae,"WA, NT, Qld",accepted,Species
TRUE,Eucalyptus tetragona,Eucalyptus tetrodonta,APC list (accepted),Eucalyptus tetrodonta,Eucalyptus tetrodonta,Eucalyptus tetrodonta,Myrtaceae,TRUE,F.Muell.,Magnoliidae,"WA, NT, Qld",accepted,Species
TRUE,Eucalyptus tetradonta,Eucalyptus tetrodonta,APC list (accepted),Eucalyptus tetrodonta,Eucalyptus tetrodonta,Eucalyptus tetrodonta,Myrtaceae,TRUE,F.Muell.,Magnoliidae,"WA, NT, Qld",accepted,Species
TRUE,Eucalyptus thozetiana,Eucalyptus thozetiana,APC list (accepted),Eucalyptus thozetiana,Eucalyptus thozetiana,Eucalyptus thozetiana,Myrtaceae,TRUE,(F.Muell. ex Maiden) R.T.Baker,Magnoliidae,"NT, Qld, NSW",accepted,Species
TRUE,Eucalyptus torquata,Eucalyptus torquata,APC list (accepted),Eucalyptus torquata,Eucalyptus torquata,Eucalyptus torquata,Myrtaceae,TRUE,Luehm.,Magnoliidae,WA,accepted,Species
TRUE,Eucalyptus transcontinentalis,Eucalyptus transcontinentalis,APC list (accepted),Eucalyptus transcontinentalis,Eucalyptus transcontinentalis,Eucalyptus transcontinentalis,Myrtaceae,TRUE,Maiden,Magnoliidae,WA,accepted,Species
TRUE,Eucalyptus umbra,Eucalyptus umbra,APC list (accepted),Eucalyptus umbra,Eucalyptus umbra,Eucalyptus umbra,Myrtaceae,TRUE,R.T.Baker,Magnoliidae,NSW,accepted,Species
TRUE,Eucalyptus platypus var. heterophylla,Eucalyptus platypus var. heterophylla,APC list (known names),Eucalyptus utilis,Eucalyptus utilis,Eucalyptus utilis,Myrtaceae,TRUE,Brooker & Hopper,Magnoliidae,WA,accepted,Species
TRUE,Eucalyptus viminalis(),Eucalyptus viminalis,APC list (accepted),Eucalyptus viminalis,Eucalyptus viminalis,Eucalyptus viminalis,Myrtaceae,TRUE,Labill.,Magnoliidae,"SA, NSW, ACT, Vic, Tas",accepted,Species
TRUE,Eucalyptus viminalis ssp. Viminalis,Eucalyptus viminalis subsp. viminalis,APC list (accepted),Eucalyptus viminalis subsp. viminalis,Eucalyptus viminalis,Eucalyptus viminalis,Myrtaceae,TRUE,Labill.,Magnoliidae,"SA, NSW, ACT, Vic, Tas",accepted,Subspecies
TRUE,Eucalyptus viminalis,Eucalyptus viminalis,APC list (accepted),Eucalyptus viminalis,Eucalyptus viminalis,Eucalyptus viminalis,Myrtaceae,TRUE,Labill.,Magnoliidae,"SA, NSW, ACT, Vic, Tas",accepted,Species
TRUE,Eucalyptus wandoo,Eucalyptus wandoo,APC list (accepted),Eucalyptus wandoo,Eucalyptus wandoo,Eucalyptus wandoo,Myrtaceae,TRUE,Blakely,Magnoliidae,WA,accepted,Species
TRUE,Eucalyptus willisii,Eucalyptus willisii,APC list (accepted),Eucalyptus willisii,Eucalyptus willisii,Eucalyptus willisii,Myrtaceae,TRUE,"Ladiges, Humphries & Brooker",Magnoliidae,"SA, Vic",accepted,Species
TRUE,Eucalyptus woollsiana,Eucalyptus woollsiana,APC list (accepted),Eucalyptus woollsiana,Eucalyptus woollsiana,Eucalyptus woollsiana,Myrtaceae,TRUE,R.T.Baker,Magnoliidae,"Qld, NSW",accepted,Species
TRUE,Euphorbiaceae,Euphorbiaceae,APNI names,Euphorbiaceae,Euphorbiaceae,Euphorbiaceae,Euphorbiaceae,TRUE,Juss.,Magnoliidae,"WA (native and naturalised), CoI (native and naturalised), ChI (native and naturalised), NT (native and naturalised), SA (native and naturalised), Qld (native and naturalised), CSI (naturalised), NSW (native and naturalised), LHI (native and naturalised), NI (native and naturalised), ACT (native and naturalised), Vic (native and naturalised), Tas (native and naturalised)",accepted,Familia
TRUE,Mimosaceae,Mimosaceae,APNI names,Fabaceae,Fabaceae,Fabaceae,Fabaceae,TRUE,Lindl.,Magnoliidae,"WA (native and naturalised), CoI (native and naturalised), ChI (native and naturalised), AR (naturalised), NT (native and naturalised), SA (native and naturalised), Qld (native and naturalised), NSW (native and naturalised), LHI (native and naturalised), NI (native and naturalised), ACT (native and naturalised), Vic (native and naturalised), Tas (native and naturalised)",accepted,Familia
TRUE,Fabaceae,Fabaceae,APNI names,Fabaceae,Fabaceae,Fabaceae,Fabaceae,TRUE,Lindl.,Magnoliidae,"WA (native and naturalised), CoI (native and naturalised), ChI (native and naturalised), AR (naturalised), NT (native and naturalised), SA (native and naturalised), Qld (native and naturalised), NSW (native and naturalised), LHI (native and naturalised), NI (native and naturalised), ACT (native and naturalised), Vic (native and naturalised), Tas (native and naturalised)",accepted,Familia
TRUE,Caesalpiniaceae,Caesalpiniaceae,APNI names,Fabaceae,Fabaceae,Fabaceae,Fabaceae,TRUE,Lindl.,Magnoliidae,"WA (native and naturalised), CoI (native and naturalised), ChI (native and naturalised), AR (naturalised), NT (native and naturalised), SA (native and naturalised), Qld (native and naturalised), NSW (native and naturalised), LHI (native and naturalised), NI (native and naturalised), ACT (native and naturalised), Vic (native and naturalised), Tas (native and naturalised)",accepted,Familia
TRUE,Ficus,Ficus,APNI names,Ficus,Ficus,Ficus,Moraceae,TRUE,L.,Magnoliidae,"WA (native and naturalised), ChI, NT (native and naturalised), SA (native and naturalised), Qld (native and naturalised), NSW (native and naturalised), LHI, NI (doubtfully naturalised), Vic (native and doubtfully naturalised)",accepted,Genus
TRUE,Ficus benjamina,Ficus benjamina,APC list (accepted),Ficus benjamina,Ficus benjamina,Ficus benjamina,Moraceae,TRUE,L.,Magnoliidae,"NT, Qld",accepted,Species
TRUE,Ficus macrophylla,Ficus macrophylla,APC list (accepted),Ficus macrophylla,Ficus macrophylla,Ficus macrophylla,Moraceae,TRUE,Desf. ex Pers.,Magnoliidae,"Qld, NSW, LHI, Vic (doubtfully naturalised)",accepted,Species
TRUE,Ficus macrophylla f. macrophylla,Ficus macrophylla f. macrophylla,APC list (accepted),Ficus macrophylla f. macrophylla,Ficus macrophylla,Ficus macrophylla,Moraceae,TRUE,Desf. ex Pers.,Magnoliidae,"Qld, NSW, Vic (doubtfully naturalised)",accepted,Forma
TRUE,Ficus macrophylla f. columnaris,Ficus macrophylla f. columnaris,APC list (accepted),Ficus macrophylla f. columnaris,Ficus macrophylla,Ficus macrophylla,Moraceae,TRUE,(C.Moore) D.J.Dixon,Magnoliidae,LHI,accepted,Forma
TRUE,Ficus opposita,Ficus opposita,APC list (accepted),Ficus opposita,Ficus opposita,Ficus opposita,Moraceae,TRUE,Miq.,Magnoliidae,Qld,accepted,Species
TRUE,Ficus rubiginosa,Ficus rubiginosa,APC list (accepted),Ficus rubiginosa,Ficus rubiginosa,Ficus rubiginosa,Moraceae,TRUE,Desf. ex Vent.,Magnoliidae,"WA (naturalised), Qld, NSW",accepted,Species
TRUE,Ficus watkinsiana,Ficus watkinsiana,APC list (accepted),Ficus watkinsiana,Ficus watkinsiana,Ficus watkinsiana,Moraceae,TRUE,F.M.Bailey,Magnoliidae,"Qld, NSW",accepted,Species
TRUE,Gastrolobium bilobium,Gastrolobium bilobum,APC list (accepted),Gastrolobium bilobum,Gastrolobium bilobum,Gastrolobium bilobum,Fabaceae,TRUE,R.Br.,Magnoliidae,WA,accepted,Species
TRUE,Geijera parviflora,Geijera parviflora,APC list (accepted),Geijera parviflora,Geijera parviflora,Geijera parviflora,Rutaceae,TRUE,Lindl.,Magnoliidae,"SA, Qld, NSW, Vic",accepted,Species
TRUE,Heritiera littoralis,Heritiera littoralis,APC list (accepted),Heritiera littoralis,Heritiera littoralis,Heritiera littoralis,Malvaceae,TRUE,Aiton,Magnoliidae,"ChI, Qld",accepted,Species
TRUE,Hibiscus tiliaceus,Hibiscus tiliaceus,APC list (accepted),Hibiscus tiliaceus,Hibiscus tiliaceus,Hibiscus tiliaceus,Malvaceae,TRUE,L.,Magnoliidae,"WA, CoI, ChI, NT, Qld, NSW, LHI, NI",accepted,Species
TRUE,Hymenosporum flavum,Hymenosporum flavum,APC list (accepted),Hymenosporum flavum,Hymenosporum flavum,Hymenosporum flavum,Pittosporaceae,TRUE,(Hook.) F.Muell.,Magnoliidae,"Qld, NSW",accepted,Species
TRUE,Jacksonia scoparia,Jacksonia scoparia,APC list (accepted),Jacksonia scoparia,Jacksonia scoparia,Jacksonia scoparia,Fabaceae,TRUE,R.Br.,Magnoliidae,"Qld, NSW",accepted,Species
TRUE,Kunzea montana,Kunzea montana,APC list (accepted),Kunzea montana,Kunzea montana,Kunzea montana,Myrtaceae,TRUE,(Diels) Domin,Magnoliidae,WA,accepted,Species
TRUE,Lantana camara,Lantana camara,APC list (accepted),Lantana camara,Lantana camara,Lantana camara,Verbenaceae,TRUE,L.,Magnoliidae,"WA (naturalised), NT (naturalised), SA (naturalised), Qld (naturalised), NSW (naturalised), Vic (doubtfully naturalised)",accepted,Species
TRUE,Leptospermum,Leptospermum,APNI names,Leptospermum,Leptospermum,Leptospermum,Myrtaceae,TRUE,J.R.Forst. & G.Forst.,Magnoliidae,"WA (native and naturalised), NT, SA (native and naturalised), Qld (native and naturalised), NSW, LHI, ACT, Vic (native and naturalised), Tas (native and naturalised)",accepted,Genus
TRUE,Leptospermum laevigatum,Leptospermum laevigatum,APC list (accepted),Leptospermum laevigatum,Leptospermum laevigatum,Leptospermum laevigatum,Myrtaceae,TRUE,(Gaertn.) F.Muell.,Magnoliidae,"WA (naturalised), SA (naturalised), Qld (naturalised), NSW, Vic (native and naturalised), Tas (native and naturalised)",accepted,Species
TRUE,Leptospermum lanigerum,Leptospermum lanigerum,APC list (accepted),Leptospermum lanigerum,Leptospermum lanigerum,Leptospermum lanigerum,Myrtaceae,TRUE,(Sol. ex Aiton) Sm.,Magnoliidae,"SA, NSW, ACT, Vic, Tas",accepted,Species
TRUE,Leptospermum attenuatum,Leptospermum attenuatum,APC list (known names),Leptospermum trinervium,Leptospermum trinervium,Leptospermum trinervium,Myrtaceae,TRUE,(J.White) Joy Thomps.,Magnoliidae,"Qld, NSW, ACT, Vic",accepted,Species
TRUE,Lophostemon,Lophostemon,APNI names,Lophostemon,Lophostemon,Lophostemon,Myrtaceae,TRUE,Schott,Magnoliidae,"WA, NT, Qld, NSW (native and naturalised)",accepted,Genus
TRUE,Lophostemon confertus,Lophostemon confertus,APC list (accepted),Lophostemon confertus,Lophostemon confertus,Lophostemon confertus,Myrtaceae,TRUE,(R.Br.) Peter G.Wilson & J.T.Waterh.,Magnoliidae,"Qld, NSW (native and naturalised)",accepted,Species
TRUE,Lophostemon suaveolens,Lophostemon suaveolens,APC list (accepted),Lophostemon suaveolens,Lophostemon suaveolens,Lophostemon suaveolens,Myrtaceae,TRUE,(Sol. ex Gaertn.) Peter G.Wilson & J.T.Waterh.,Magnoliidae,"Qld, NSW",accepted,Species
TRUE,Loranthaceae,Loranthaceae,APNI names,Loranthaceae,Loranthaceae,Loranthaceae,Loranthaceae,TRUE,Juss.,Magnoliidae,"WA, NT, SA, Qld, NSW, NI, ACT, Vic",accepted,Familia
TRUE,Mallotus philippensis,Mallotus philippensis,APC list (accepted),Mallotus philippensis,Mallotus philippensis,Mallotus philippensis,Euphorbiaceae,TRUE,(Lam.) MÃ¼ll.Arg.,Magnoliidae,"NT, Qld, NSW",accepted,Species
TRUE,Sterculiaceae,Sterculiaceae,APNI names,Malvaceae,Malvaceae,Malvaceae,Malvaceae,TRUE,Juss.,Magnoliidae,"WA (native and naturalised), CoI, ChI (native and naturalised), AR, NT (native and naturalised), SA (native and naturalised), Qld (native and naturalised), CSI, NSW (native and naturalised), LHI (native and naturalised), NI (native and naturalised), ACT (native and naturalised), Vic (native and naturalised), Tas (native and naturalised)",accepted,Familia
TRUE,Malvaceae,Malvaceae,APNI names,Malvaceae,Malvaceae,Malvaceae,Malvaceae,TRUE,Juss.,Magnoliidae,"WA (native and naturalised), CoI, ChI (native and naturalised), AR, NT (native and naturalised), SA (native and naturalised), Qld (native and naturalised), CSI, NSW (native and naturalised), LHI (native and naturalised), NI (native and naturalised), ACT (native and naturalised), Vic (native and naturalised), Tas (native and naturalised)",accepted,Familia
TRUE,Bombacaceae,Bombacaceae,APNI names,Malvaceae,Malvaceae,Malvaceae,Malvaceae,TRUE,Juss.,Magnoliidae,"WA (native and naturalised), CoI, ChI (native and naturalised), AR, NT (native and naturalised), SA (native and naturalised), Qld (native and naturalised), CSI, NSW (native and naturalised), LHI (native and naturalised), NI (native and naturalised), ACT (native and naturalised), Vic (native and naturalised), Tas (native and naturalised)",accepted,Familia
TRUE,Melaleuca,Melaleuca,APNI names,Melaleuca,Melaleuca,Melaleuca,Myrtaceae,TRUE,L.,Magnoliidae,"WA (native and naturalised), NT, SA (native and naturalised), Qld, NSW (native and naturalised), LHI, ACT (naturalised), Vic (native and naturalised), Tas (native and naturalised)",accepted,Genus
TRUE,Melaleuca acacioides,Melaleuca acacioides,APC list (accepted),Melaleuca acacioides,Melaleuca acacioides,Melaleuca acacioides,Myrtaceae,TRUE,F.Muell.,Magnoliidae,"NT, Qld",accepted,Species
TRUE,Melaleuca alternifolia,Melaleuca alternifolia,APC list (accepted),Melaleuca alternifolia,Melaleuca alternifolia,Melaleuca alternifolia,Myrtaceae,TRUE,(Maiden & Betche) Cheel,Magnoliidae,"Qld, NSW",accepted,Species
TRUE,Melaleuca cajuputi,Melaleuca cajuputi,APC list (accepted),Melaleuca cajuputi,Melaleuca cajuputi,Melaleuca cajuputi,Myrtaceae,TRUE,R.Powell,Magnoliidae,"WA, NT, Qld",accepted,Species
TRUE,Melaleuca dealbata,Melaleuca dealbata,APC list (accepted),Melaleuca dealbata,Melaleuca dealbata,Melaleuca dealbata,Myrtaceae,TRUE,S.T.Blake,Magnoliidae,"WA, NT, Qld",accepted,Species
TRUE,Melaleuca ericifolia,Melaleuca ericifolia,APC list (accepted),Melaleuca ericifolia,Melaleuca ericifolia,Melaleuca ericifolia,Myrtaceae,TRUE,Sm.,Magnoliidae,"NSW, Vic, Tas",accepted,Species
TRUE,Melaleuca howeana,Melaleuca howeana,APC list (accepted),Melaleuca howeana,Melaleuca howeana,Melaleuca howeana,Myrtaceae,TRUE,Cheel,Magnoliidae,LHI,accepted,Species
TRUE,Melaleuca lanceolata,Melaleuca lanceolata,APC list (accepted),Melaleuca lanceolata,Melaleuca lanceolata,Melaleuca lanceolata,Myrtaceae,TRUE,Otto,Magnoliidae,"WA (native and naturalised), SA, Qld, NSW, Vic",accepted,Species
TRUE,Melaleuca leucadendra,Melaleuca leucadendra,APC list (accepted),Melaleuca leucadendra,Melaleuca leucadendra,Melaleuca leucadendra,Myrtaceae,TRUE,(L.) L.,Magnoliidae,"WA, NT, Qld",accepted,Species
TRUE,Melaleuca linariifolia,Melaleuca linariifolia,APC list (accepted),Melaleuca linariifolia,Melaleuca linariifolia,Melaleuca linariifolia,Myrtaceae,TRUE,Sm.,Magnoliidae,"WA (naturalised), Qld, NSW, Vic (doubtfully naturalised)",accepted,Species
TRUE,Melaleuca nervosa,Melaleuca nervosa,APC list (accepted),Melaleuca nervosa,Melaleuca nervosa,Melaleuca nervosa,Myrtaceae,TRUE,(Lindl.) Cheel,Magnoliidae,"WA, NT, Qld",accepted,Species
TRUE,Melaleuca quinquenervia,Melaleuca quinquenervia,APC list (accepted),Melaleuca quinquenervia,Melaleuca quinquenervia,Melaleuca quinquenervia,Myrtaceae,TRUE,(Cav.) S.T.Blake,Magnoliidae,"Qld, NSW",accepted,Species
TRUE,Melaleuca uncinata,Melaleuca uncinata,APC list (accepted),Melaleuca uncinata,Melaleuca uncinata,Melaleuca uncinata,Myrtaceae,TRUE,R.Br.,Magnoliidae,"WA, SA, Qld, NSW (native and naturalised), Vic",accepted,Species
TRUE,Melaleuca viridiflora,Melaleuca viridiflora,APC list (accepted),Melaleuca viridiflora,Melaleuca viridiflora,Melaleuca viridiflora,Myrtaceae,TRUE,Sol. ex Gaertn.,Magnoliidae,"WA, NT, Qld",accepted,Species
TRUE,Myoporum insulare,Myoporum insulare,APC list (accepted),Myoporum insulare,Myoporum insulare,Myoporum insulare,Scrophulariaceae,TRUE,R.Br.,Magnoliidae,"WA, SA, NSW, LHI, Vic, Tas",accepted,Species
TRUE,Myoporum platycarpum,Myoporum platycarpum,APC list (accepted),Myoporum platycarpum,Myoporum platycarpum,Myoporum platycarpum,Scrophulariaceae,TRUE,R.Br.,Magnoliidae,"WA, SA, Qld, NSW, Vic",accepted,Species
TRUE,Myrtaceae,Myrtaceae,APNI names,Myrtaceae,Myrtaceae,Myrtaceae,Myrtaceae,TRUE,Juss.,Magnoliidae,"WA (native and naturalised), ChI (native and naturalised), NT, SA (native and naturalised), Qld (native and naturalised), NSW (native and naturalised), LHI (native and naturalised), NI (naturalised), ACT (native and naturalised), Vic (native and naturalised), Tas (native and naturalised)",accepted,Familia
TRUE,Physalis perviana,Physalis peruviana,APC list (accepted),Physalis peruviana,Physalis peruviana,Physalis peruviana,Solanaceae,TRUE,L.,Magnoliidae,"WA (naturalised), SA (naturalised), Qld (naturalised), NSW (naturalised), LHI (naturalised), NI (naturalised), Vic (naturalised), Tas (doubtfully naturalised)",accepted,Species
TRUE,Physalis peruviana,Physalis peruviana,APC list (accepted),Physalis peruviana,Physalis peruviana,Physalis peruviana,Solanaceae,TRUE,L.,Magnoliidae,"WA (naturalised), SA (naturalised), Qld (naturalised), NSW (naturalised), LHI (naturalised), NI (naturalised), Vic (naturalised), Tas (doubtfully naturalised)",accepted,Species
TRUE,Pittosporaceae,Pittosporaceae,APNI names,Pittosporaceae,Pittosporaceae,Pittosporaceae,Pittosporaceae,TRUE,R.Br.,Magnoliidae,"WA (native and naturalised), ChI, NT, SA (native and naturalised), Qld, NSW (native and naturalised), LHI (native and naturalised), NI (native and naturalised), ACT (native and naturalised), Vic (native and naturalised), Tas (native and naturalised)",accepted,Familia
TRUE,Portulaceae,Portulaceae,APNI names,Portulacaceae,Portulacaceae,Portulacaceae,Portulacaceae,TRUE,Juss.,Magnoliidae,"WA (native and naturalised), CoI (naturalised), ChI (native and naturalised), AR (native and naturalised), NT (native and doubtfully naturalised), SA (native and naturalised), Qld (native and naturalised), CSI (naturalised), NSW (native and naturalised), LHI (naturalised), NI (naturalised), ACT, Vic (native and naturalised), Tas (native and naturalised), HI, MI",accepted,Familia
TRUE,Proteaceae,Proteaceae,APNI names,Proteaceae,Proteaceae,Proteaceae,Proteaceae,TRUE,Juss.,Magnoliidae,"WA (native and naturalised), NT, SA (native and naturalised), Qld (native and naturalised), NSW (native and naturalised), LHI (naturalised), NI (naturalised), ACT (native and naturalised), Vic (native and naturalised), Tas (native and naturalised)",accepted,Familia
TRUE,Pultenaea flexilis,Pultenaea flexilis,APC list (accepted),Pultenaea flexilis,Pultenaea flexilis,Pultenaea flexilis,Fabaceae,TRUE,Sm.,Magnoliidae,"Qld, NSW",accepted,Species
TRUE,Pultenaea tuberculata,Pultenaea tuberculata,APC list (accepted),Pultenaea tuberculata,Pultenaea tuberculata,Pultenaea tuberculata,Fabaceae,TRUE,Pers.,Magnoliidae,NSW,accepted,Species
TRUE,Rubus,Rubus,APNI names,Rubus,Rubus,Rubus,Rosaceae,TRUE,L.,Magnoliidae,"WA (naturalised), SA (native and naturalised), Qld (native and naturalised), NSW (native and naturalised), NI (naturalised), ACT (native and naturalised), Vic (native and naturalised), Tas (native and naturalised)",accepted,Genus
TRUE,Rubus fruticosus,Rubus fruticosus,APC list (known names),Rubus anglocandicans,Rubus anglocandicans,Rubus anglocandicans,Rosaceae,TRUE,A.Newton,Magnoliidae,"WA (naturalised), SA (naturalised), Qld (naturalised), NSW (naturalised), NI (naturalised), ACT (naturalised), Vic (naturalised), Tas (naturalised)",accepted,Species
TRUE,Rutaceae,Rutaceae,APNI names,Rutaceae,Rutaceae,Rutaceae,Rutaceae,TRUE,Juss.,Magnoliidae,"WA (native and naturalised), CoI (naturalised), ChI (native and naturalised), NT (native and naturalised), SA (native and naturalised), Qld (native and naturalised), NSW (native and naturalised), LHI (native and naturalised), NI (native and naturalised), ACT, Vic (native and naturalised), Tas",accepted,Familia
TRUE,Sapindaceae,Sapindaceae,APNI names,Sapindaceae,Sapindaceae,Sapindaceae,Sapindaceae,TRUE,Juss.,Magnoliidae,"WA (native and naturalised), CoI, ChI (native and naturalised), NT (native and naturalised), SA (native and naturalised), Qld (native and naturalised), NSW (native and naturalised), LHI, NI, ACT (native and naturalised), Vic (native and naturalised), Tas (native and naturalised)",accepted,Familia
TRUE,Solanum verbasifolium,Solanum verbascifolium,APC list (known names),Solanum erianthum,Solanum erianthum,Solanum erianthum,Solanaceae,TRUE,D.Don,Magnoliidae,"NT (naturalised), Qld (naturalised), NSW (naturalised)",accepted,Species
TRUE,Solanum lasiophyllum,Solanum lasiophyllum,APC list (accepted),Solanum lasiophyllum,Solanum lasiophyllum,Solanum lasiophyllum,Solanaceae,TRUE,Dunal ex Poir.,Magnoliidae,"WA, NT, SA, Qld (formerly naturalised)",accepted,Species
TRUE,Solanum mauritianum,Solanum mauritianum,APC list (accepted),Solanum mauritianum,Solanum mauritianum,Solanum mauritianum,Solanaceae,TRUE,Scop.,Magnoliidae,"SA (naturalised), Qld (naturalised), NSW (naturalised), LHI (naturalised), NI (naturalised), Vic (naturalised)",accepted,Species
TRUE,Solanum melongena,Solanum melongena,APC list (accepted),Solanum melongena,Solanum melongena,Solanum melongena,Solanaceae,TRUE,L.,Magnoliidae,SA (doubtfully naturalised),accepted,Species
TRUE,Solanum nummularium,Solanum nummularium,APC list (accepted),Solanum nummularium,Solanum nummularium,Solanum nummularium,Solanaceae,TRUE,S.Moore,Magnoliidae,WA,accepted,Species
TRUE,Solanum petrophilum,Solanum petrophilum,APC list (accepted),Solanum petrophilum,Solanum petrophilum,Solanum petrophilum,Solanaceae,TRUE,F.Muell.,Magnoliidae,"WA, SA, NSW",accepted,Species
TRUE,Stachys,Stachys,APNI names,Stachys,Stachys,Stachys,Lamiaceae,TRUE,L.,Magnoliidae,"WA (naturalised), SA (naturalised), Qld (naturalised), NSW (naturalised), LHI (naturalised), NI (naturalised), ACT (doubtfully naturalised), Vic (naturalised), Tas (naturalised)",accepted,Genus
TRUE,Sterculia,Sterculia,APNI names,Sterculia,Sterculia,Sterculia,Malvaceae,TRUE,L.,Magnoliidae,"WA, NT, Qld, NSW",accepted,Genus
TRUE,Stylidiaceae,Stylidiaceae,APNI names,Stylidiaceae,Stylidiaceae,Stylidiaceae,Stylidiaceae,TRUE,R.Br.,Magnoliidae,"WA, NT, SA, Qld, NSW, ACT, Vic, Tas",accepted,Familia
TRUE,Syncarpia,Syncarpia,APNI names,Syncarpia,Syncarpia,Syncarpia,Myrtaceae,TRUE,Ten.,Magnoliidae,"Qld, NSW",accepted,Genus
TRUE,Syncarpia glomulifera,Syncarpia glomulifera,APC list (accepted),Syncarpia glomulifera,Syncarpia glomulifera,Syncarpia glomulifera,Myrtaceae,TRUE,(Sm.) Nied.,Magnoliidae,"Qld, NSW",accepted,Species
TRUE,Syzygium,Syzygium,APNI names,Syzygium,Syzygium,Syzygium,Myrtaceae,TRUE,P.Browne ex Gaertn.,Magnoliidae,"WA, ChI, NT, Qld (native and naturalised), NSW (native and naturalised), LHI, NI (naturalised), Vic, Tas (naturalised)",accepted,Genus
TRUE,Syzygium australe,Syzygium australe,APC list (accepted),Syzygium australe,Syzygium australe,Syzygium australe,Myrtaceae,TRUE,(J.C.Wendl. ex Link) B.Hyland,Magnoliidae,"Qld, NSW",accepted,Species
TRUE,Waterhousea floribunda,Waterhousea floribunda,APC list (known names),Syzygium floribundum,Syzygium floribundum,Syzygium floribundum,Myrtaceae,TRUE,F.Muell.,Magnoliidae,"Qld, NSW",accepted,Species
TRUE,Syzygium francisii,Syzygium francisii,APC list (accepted),Syzygium francisii,Syzygium francisii,Syzygium francisii,Myrtaceae,TRUE,(F.M.Bailey) L.A.S.Johnson,Magnoliidae,"Qld, NSW",accepted,Species
TRUE,Acmena hemiplampra,Acmena hemilampra,APC list (known names),Syzygium hemilamprum,Syzygium hemilamprum,Syzygium hemilamprum,Myrtaceae,TRUE,(F.Muell.) Craven & Biffin,Magnoliidae,"NT, Qld, NSW",accepted,Species
TRUE,Syzygium hodgkinsoniae,Syzygium hodgkinsoniae,APC list (accepted),Syzygium hodgkinsoniae,Syzygium hodgkinsoniae,Syzygium hodgkinsoniae,Myrtaceae,TRUE,(F.Muell.) L.A.S.Johnson,Magnoliidae,"Qld, NSW",accepted,Species
TRUE,Acmena ingens,Acmena ingens,APC list (known names),Syzygium ingens,Syzygium ingens,Syzygium ingens,Myrtaceae,TRUE,(F.Muell. ex C.Moore) Craven & Biffin,Magnoliidae,"Qld, NSW",accepted,Species
TRUE,Syzygium luehmannii,Syzygium luehmannii,APC list (accepted),Syzygium luehmannii,Syzygium luehmannii,Syzygium luehmannii,Myrtaceae,TRUE,(F.Muell.) L.A.S.Johnson,Magnoliidae,"Qld, NSW",accepted,Species
TRUE,Syzygium moorei,Syzygium moorei,APC list (accepted),Syzygium moorei,Syzygium moorei,Syzygium moorei,Myrtaceae,TRUE,(F.Muell.) L.A.S.Johnson,Magnoliidae,"Qld, NSW",accepted,Species
TRUE,Syzygium oleosum,Syzygium oleosum,APC list (accepted),Syzygium oleosum,Syzygium oleosum,Syzygium oleosum,Myrtaceae,TRUE,(F.Muell.) B.Hyland,Magnoliidae,"Qld, NSW",accepted,Species
TRUE,Syzygium paniculatum,Syzygium paniculatum,APC list (accepted),Syzygium paniculatum,Syzygium paniculatum,Syzygium paniculatum,Myrtaceae,TRUE,Gaertn.,Magnoliidae,NSW (native and naturalised),accepted,Species
TRUE,Syzygium smithii,Syzygium smithii,APC list (accepted),Syzygium smithii,Syzygium smithii,Syzygium smithii,Myrtaceae,TRUE,(Poir.) Nied.,Magnoliidae,"Qld, NSW, Vic, Tas (doubtfully naturalised)",accepted,Species
TRUE,Acmena smithii,Acmena smithii,APC list (known names),Syzygium smithii,Syzygium smithii,Syzygium smithii,Myrtaceae,TRUE,(Poir.) Nied.,Magnoliidae,"Qld, NSW, Vic, Tas (doubtfully naturalised)",accepted,Species
TRUE,Syzygium wilsonii ssp. wilsonii,Syzygium wilsonii subsp. wilsonii,APC list (accepted),Syzygium wilsonii subsp. wilsonii,Syzygium wilsonii,Syzygium wilsonii,Myrtaceae,TRUE,(F.Muell.) B.Hyland,Magnoliidae,Qld,accepted,Subspecies
TRUE,Thespesia populnea,Thespesia populnea,APC list (accepted),Thespesia populnea,Thespesia populnea,Thespesia populnea,Malvaceae,TRUE,(L.) Sol. ex Correa,Magnoliidae,"CoI, Qld",accepted,Species
TRUE,Toona,Toona,APNI names,Toona,Toona,Toona,Meliaceae,TRUE,(Endl.) M.Roem.,Magnoliidae,"Qld, NSW, NI (doubtfully naturalised)",accepted,Genus
TRUE,Toona australis,Toona australis,APC list (known names),Toona ciliata,Toona ciliata,Toona ciliata,Meliaceae,TRUE,M.Roem.,Magnoliidae,"Qld, NSW, NI (doubtfully naturalised)",accepted,Species
TRUE,Trema tomentosa,Trema tomentosa,APC list (accepted),Trema tomentosa,Trema tomentosa,Trema tomentosa,Cannabaceae,TRUE,(Roxb.) H.Hara,Magnoliidae,"WA, ChI, NT, Qld, NSW, Vic (presumed extinct)",accepted,Species
TRUE,Ulmaceae,Ulmaceae,APNI names,Ulmaceae,Ulmaceae,Ulmaceae,Ulmaceae,TRUE,Mirb.,Magnoliidae,"SA (naturalised), Qld (naturalised), NSW (naturalised), ACT (naturalised), Vic (naturalised), Tas (naturalised)",accepted,Familia
TRUE,Verbena bonariensis,Verbena bonariensis,APC list (accepted),Verbena bonariensis,Verbena bonariensis,Verbena bonariensis,Verbenaceae,TRUE,L.,Magnoliidae,"WA (naturalised), SA (naturalised), Qld (naturalised), NSW (naturalised), NI (naturalised), ACT (naturalised), Vic (naturalised), Tas (naturalised)",accepted,Species
TRUE,Xanthorrhoea,Xanthorrhoea,APNI names,Xanthorrhoea,Xanthorrhoea,Xanthorrhoea,Xanthorrhoeaceae,TRUE,Sol. ex Sm.,Magnoliidae,"WA, NT, SA, Qld, NSW, Vic, Tas",accepted,Genus
